Player,Nation,Pos,Age,Playing Time_MP,Playing Time_Starts,Playing Time_Min,Playing Time_90s,Performance_GA,Performance_GA90,Performance_SoTA,Performance_Saves,Performance_Save%,Performance_W,Performance_D,Performance_L,Performance_CS,Performance_CS%,Penalty Kicks_PKatt,Penalty Kicks_PKA,Penalty Kicks_PKsv,Penalty Kicks_PKm,Penalty Kicks_Save%,_Matches,Season,Squad
Aaron Ramsdale,eng ENG,GK,24-309,27.0,27.0,2430.0,27.0,25.0,0.93,85.0,61.0,72.9,21.0,3.0,3.0,12.0,44.4,3.0,2.0,0.0,1.0,0.0,Matches,2022-2023,Arsenal
Squad Total,,,25.1,27.0,27.0,2430.0,27.0,25.0,0.93,85.0,61.0,72.9,21.0,3.0,3.0,12.0,44.4,3.0,2.0,0.0,1.0,0.0,,2022-2023,Arsenal
Opponent Total,,,27.5,27.0,27.0,2430.0,27.0,62.0,2.3,142.0,83.0,57.7,3.0,3.0,21.0,2.0,7.4,2.0,2.0,0.0,0.0,0.0,,2022-2023,Arsenal
Ederson,br BRA,GK,29-214,27.0,27.0,2430.0,27.0,25.0,0.93,60.0,36.0,63.3,19.0,4.0,4.0,10.0,37.0,3.0,3.0,0.0,0.0,0.0,Matches,2022-2023,Manchester City
Squad Total,,,27.9,27.0,27.0,2430.0,27.0,25.0,0.93,60.0,36.0,63.3,19.0,4.0,4.0,10.0,37.0,3.0,3.0,0.0,0.0,0.0,,2022-2023,Manchester City
Opponent Total,,,27.5,27.0,27.0,2430.0,27.0,67.0,2.48,151.0,86.0,59.6,4.0,4.0,19.0,2.0,7.4,6.0,6.0,0.0,0.0,0.0,,2022-2023,Manchester City
David de Gea,es ESP,GK,32-132,26.0,26.0,2340.0,26.0,35.0,1.35,104.0,70.0,67.3,15.0,5.0,6.0,11.0,42.3,1.0,1.0,0.0,0.0,0.0,Matches,2022-2023,Manchester United
Squad Total,,,27.6,26.0,26.0,2340.0,26.0,35.0,1.35,104.0,70.0,67.3,15.0,5.0,6.0,11.0,42.3,1.0,1.0,0.0,0.0,0.0,,2022-2023,Manchester United
Opponent Total,,,27.1,26.0,26.0,2340.0,26.0,41.0,1.58,134.0,95.0,70.9,6.0,5.0,15.0,4.0,15.4,2.0,2.0,0.0,0.0,0.0,,2022-2023,Manchester United
Hugo Lloris,fr FRA,GK,36-083,21.0,21.0,1890.0,21.0,29.0,1.38,95.0,67.0,70.5,12.0,2.0,7.0,7.0,33.3,1.0,1.0,0.0,0.0,0.0,Matches,2022-2023,Tottenham Hotspur
Fraser Forster,eng ENG,GK,35-002,7.0,7.0,630.0,7.0,11.0,1.57,30.0,18.0,66.7,3.0,2.0,2.0,2.0,28.6,2.0,1.0,1.0,0.0,50.0,Matches,2022-2023,Tottenham Hotspur
Squad Total,,,28.4,28.0,28.0,2520.0,28.0,40.0,1.43,125.0,85.0,69.6,15.0,4.0,9.0,9.0,32.1,3.0,2.0,1.0,0.0,33.3,,2022-2023,Tottenham Hotspur
Opponent Total,,,27.3,28.0,28.0,2520.0,28.0,52.0,1.86,145.0,94.0,66.2,9.0,4.0,15.0,4.0,14.3,4.0,3.0,1.0,0.0,25.0,,2022-2023,Tottenham Hotspur
Nick Pope,eng ENG,GK,30-334,26.0,26.0,2271.0,25.2,19.0,0.75,79.0,60.0,77.2,12.0,11.0,3.0,12.0,46.2,2.0,1.0,0.0,1.0,0.0,Matches,2022-2023,Newcastle United
Martin Dúbravka,sk SVK,GK,34-063,1.0,0.0,67.0,0.7,0.0,0.0,5.0,5.0,100.0,0.0,0.0,0.0,0.0,,0.0,0.0,0.0,0.0,,Matches,2022-2023,Newcastle United
Squad Total,,,28.1,26.0,26.0,2338.0,26.0,19.0,0.73,84.0,65.0,78.6,12.0,11.0,3.0,12.0,46.2,2.0,1.0,0.0,1.0,0.0,,2022-2023,Newcastle United
Opponent Total,,,27.6,26.0,26.0,2340.0,26.0,39.0,1.5,126.0,88.0,72.2,3.0,11.0,12.0,8.0,30.8,4.0,4.0,0.0,0.0,0.0,,2022-2023,Newcastle United
Alisson,br BRA,GK,30-168,26.0,26.0,2340.0,26.0,29.0,1.12,105.0,77.0,74.3,12.0,6.0,8.0,10.0,38.5,3.0,2.0,1.0,0.0,33.3,Matches,2022-2023,Liverpool
Squad Total,,,28.1,26.0,26.0,2340.0,26.0,29.0,1.12,105.0,77.0,74.3,12.0,6.0,8.0,10.0,38.5,3.0,2.0,1.0,0.0,33.3,,2022-2023,Liverpool
Opponent Total,,,27.3,26.0,26.0,2338.0,26.0,47.0,1.81,149.0,106.0,68.5,8.0,6.0,12.0,7.0,26.9,1.0,0.0,0.0,1.0,,,2022-2023,Liverpool
Robert Sánchez,es ESP,GK,25-121,22.0,22.0,1980.0,22.0,29.0,1.32,72.0,45.0,66.7,10.0,5.0,7.0,6.0,27.3,6.0,5.0,1.0,0.0,16.7,Matches,2022-2023,Brighton & Hove Albion
Jason Steele,eng ENG,GK,32-213,3.0,3.0,270.0,3.0,2.0,0.67,9.0,7.0,77.8,2.0,1.0,0.0,2.0,66.7,0.0,0.0,0.0,0.0,,Matches,2022-2023,Brighton & Hove Albion
Squad Total,,,27.4,25.0,25.0,2250.0,25.0,31.0,1.24,81.0,52.0,67.9,12.0,6.0,7.0,8.0,32.0,6.0,5.0,1.0,0.0,16.7,,2022-2023,Brighton & Hove Albion
Opponent Total,,,27.3,25.0,25.0,2250.0,25.0,46.0,1.84,138.0,96.0,69.6,7.0,6.0,12.0,5.0,20.0,4.0,4.0,0.0,0.0,0.0,,2022-2023,Brighton & Hove Albion
David Raya,es ESP,GK,27-185,27.0,27.0,2430.0,27.0,34.0,1.26,140.0,108.0,76.4,10.0,12.0,5.0,9.0,33.3,1.0,1.0,0.0,0.0,0.0,Matches,2022-2023,Brentford
Squad Total,,,26.8,27.0,27.0,2430.0,27.0,34.0,1.26,140.0,108.0,76.4,10.0,12.0,5.0,9.0,33.3,1.0,1.0,0.0,0.0,0.0,,2022-2023,Brentford
Opponent Total,,,27.2,27.0,27.0,2430.0,27.0,43.0,1.59,108.0,66.0,65.7,5.0,12.0,10.0,6.0,22.2,6.0,6.0,0.0,0.0,0.0,,2022-2023,Brentford
Bernd Leno,de GER,GK,31-015,25.0,25.0,2250.0,25.0,35.0,1.4,134.0,99.0,76.9,11.0,4.0,10.0,7.0,28.0,4.0,4.0,0.0,0.0,0.0,Matches,2022-2023,Fulham
Marek Rodák,sk SVK,GK,26-096,2.0,2.0,180.0,2.0,2.0,1.0,4.0,2.0,50.0,0.0,2.0,0.0,1.0,50.0,0.0,0.0,0.0,0.0,,Matches,2022-2023,Fulham
Squad Total,,,29.0,27.0,27.0,2430.0,27.0,37.0,1.37,138.0,101.0,76.1,11.0,6.0,10.0,8.0,29.6,4.0,4.0,0.0,0.0,0.0,,2022-2023,Fulham
Opponent Total,,,27.3,27.0,27.0,2430.0,27.0,38.0,1.41,107.0,70.0,68.2,10.0,6.0,11.0,6.0,22.2,7.0,4.0,2.0,1.0,33.3,,2022-2023,Fulham
Kepa Arrizabalaga,es ESP,GK,28-167,19.0,19.0,1665.0,18.5,16.0,0.86,72.0,58.0,77.8,7.0,7.0,5.0,8.0,42.1,0.0,0.0,0.0,0.0,,Matches,2022-2023,Chelsea
Edouard Mendy,sn SEN,GK,31-018,9.0,8.0,765.0,8.5,12.0,1.41,37.0,25.0,67.6,3.0,1.0,4.0,1.0,12.5,0.0,0.0,0.0,0.0,,Matches,2022-2023,Chelsea
Squad Total,,,27.3,27.0,27.0,2430.0,27.0,28.0,1.04,109.0,83.0,74.3,10.0,8.0,9.0,9.0,33.3,0.0,0.0,0.0,0.0,,,2022-2023,Chelsea
Opponent Total,,,27.3,27.0,27.0,2430.0,27.0,29.0,1.07,108.0,78.0,75.9,9.0,8.0,10.0,9.0,33.3,3.0,3.0,0.0,0.0,0.0,,2022-2023,Chelsea
Emiliano Martínez,ar ARG,GK,30-198,25.0,25.0,2194.0,24.4,32.0,1.31,96.0,67.0,69.8,10.0,5.0,10.0,7.0,28.0,4.0,3.0,1.0,0.0,25.0,Matches,2022-2023,Aston Villa
Robin Olsen,se SWE,GK,33-070,3.0,2.0,236.0,2.6,7.0,2.67,16.0,9.0,62.5,1.0,0.0,1.0,1.0,50.0,1.0,1.0,0.0,0.0,0.0,Matches,2022-2023,Aston Villa
Squad Total,,,27.6,27.0,27.0,2430.0,27.0,39.0,1.44,112.0,76.0,68.8,11.0,5.0,11.0,8.0,29.6,5.0,4.0,1.0,0.0,20.0,,2022-2023,Aston Villa
Opponent Total,,,27.1,27.0,27.0,2430.0,27.0,35.0,1.3,111.0,78.0,71.2,11.0,5.0,11.0,6.0,22.2,3.0,3.0,0.0,0.0,0.0,,2022-2023,Aston Villa
Vicente Guaita,es ESP,GK,36-068,26.0,26.0,2340.0,26.0,33.0,1.27,114.0,83.0,72.8,6.0,9.0,11.0,6.0,23.1,2.0,2.0,0.0,0.0,0.0,Matches,2022-2023,Crystal Palace
Joseph Whitworth,eng ENG,GK,19-018,1.0,1.0,90.0,1.0,1.0,1.0,5.0,4.0,80.0,0.0,0.0,1.0,0.0,0.0,0.0,0.0,0.0,0.0,,Matches,2022-2023,Crystal Palace
Squad Total,,,27.6,27.0,27.0,2430.0,27.0,34.0,1.26,119.0,87.0,73.1,6.0,9.0,12.0,6.0,22.2,2.0,2.0,0.0,0.0,0.0,,2022-2023,Crystal Palace
Opponent Total,,,27.3,27.0,27.0,2430.0,27.0,21.0,0.78,85.0,64.0,75.3,12.0,9.0,6.0,13.0,48.1,2.0,0.0,1.0,1.0,100.0,,2022-2023,Crystal Palace
José Sá,pt POR,GK,30-061,28.0,28.0,2520.0,28.0,41.0,1.46,120.0,78.0,66.7,7.0,6.0,15.0,7.0,25.0,3.0,1.0,2.0,0.0,66.7,Matches,2022-2023,Wolverhampton Wanderers
Squad Total,,,27.3,28.0,28.0,2520.0,28.0,41.0,1.46,120.0,78.0,66.7,7.0,6.0,15.0,7.0,25.0,3.0,1.0,2.0,0.0,66.7,,2022-2023,Wolverhampton Wanderers
Opponent Total,,,27.1,28.0,28.0,2520.0,28.0,22.0,0.79,93.0,73.0,78.5,15.0,6.0,7.0,12.0,42.9,2.0,2.0,0.0,0.0,0.0,,2022-2023,Wolverhampton Wanderers
Illan Meslier,fr FRA,GK,23-017,27.0,27.0,2430.0,27.0,44.0,1.63,123.0,80.0,65.9,6.0,8.0,13.0,5.0,18.5,2.0,2.0,0.0,0.0,0.0,Matches,2022-2023,Leeds United
Squad Total,,,25.7,27.0,27.0,2430.0,27.0,44.0,1.63,123.0,80.0,65.9,6.0,8.0,13.0,5.0,18.5,2.0,2.0,0.0,0.0,0.0,,2022-2023,Leeds United
Opponent Total,,,27.3,27.0,27.0,2430.0,27.0,35.0,1.3,100.0,67.0,66.0,13.0,8.0,6.0,10.0,37.0,2.0,1.0,0.0,1.0,0.0,,2022-2023,Leeds United
Jordan Pickford,eng ENG,GK,29-012,27.0,27.0,2430.0,27.0,40.0,1.48,133.0,93.0,72.9,5.0,8.0,14.0,6.0,22.2,4.0,4.0,0.0,0.0,0.0,Matches,2022-2023,Everton
Asmir Begović,ba BIH,GK,35-272,1.0,1.0,90.0,1.0,0.0,0.0,4.0,4.0,100.0,1.0,0.0,0.0,1.0,100.0,0.0,0.0,0.0,0.0,,Matches,2022-2023,Everton
Squad Total,,,27.3,28.0,28.0,2520.0,28.0,40.0,1.43,137.0,97.0,73.7,6.0,8.0,14.0,7.0,25.0,4.0,4.0,0.0,0.0,0.0,,2022-2023,Everton
Opponent Total,,,27.1,28.0,28.0,2520.0,28.0,22.0,0.79,97.0,76.0,79.4,14.0,8.0,6.0,11.0,39.3,2.0,2.0,0.0,0.0,0.0,,2022-2023,Everton
Dean Henderson,eng ENG,GK,26-007,18.0,18.0,1620.0,18.0,31.0,1.72,85.0,52.0,65.9,5.0,5.0,8.0,6.0,33.3,5.0,2.0,2.0,1.0,50.0,Matches,2022-2023,Nottingham Forest
Keylor Navas,cr CRC,GK,36-094,7.0,7.0,630.0,7.0,14.0,2.0,32.0,18.0,65.6,1.0,2.0,4.0,1.0,14.3,3.0,3.0,0.0,0.0,0.0,Matches,2022-2023,Nottingham Forest
Wayne Hennessey,wls WAL,GK,36-054,2.0,2.0,180.0,2.0,4.0,2.0,11.0,7.0,63.6,0.0,1.0,1.0,0.0,0.0,0.0,0.0,0.0,0.0,,Matches,2022-2023,Nottingham Forest
Squad Total,,,27.2,27.0,27.0,2430.0,27.0,49.0,1.81,128.0,77.0,65.6,6.0,8.0,13.0,7.0,25.9,8.0,5.0,2.0,1.0,28.6,,2022-2023,Nottingham Forest
Opponent Total,,,27.7,27.0,27.0,2430.0,27.0,22.0,0.81,82.0,59.0,74.4,13.0,8.0,6.0,10.0,37.0,3.0,1.0,2.0,0.0,66.7,,2022-2023,Nottingham Forest
Danny Ward,wls WAL,GK,29-270,26.0,26.0,2340.0,26.0,46.0,1.77,119.0,75.0,63.0,7.0,3.0,16.0,6.0,23.1,3.0,2.0,1.0,0.0,33.3,Matches,2022-2023,Leicester City
Daniel Iversen,dk DEN,GK,25-243,1.0,1.0,90.0,1.0,1.0,1.0,2.0,1.0,50.0,0.0,1.0,0.0,0.0,0.0,0.0,0.0,0.0,0.0,,Matches,2022-2023,Leicester City
Squad Total,,,27.0,27.0,27.0,2430.0,27.0,47.0,1.74,121.0,76.0,62.8,7.0,4.0,16.0,6.0,22.2,3.0,2.0,1.0,0.0,33.3,,2022-2023,Leicester City
Opponent Total,,,27.1,27.0,27.0,2430.0,27.0,38.0,1.41,101.0,64.0,63.4,16.0,4.0,7.0,9.0,33.3,2.0,1.0,1.0,0.0,50.0,,2022-2023,Leicester City
Łukasz Fabiański,pl POL,GK,37-335,24.0,24.0,2031.0,22.6,27.0,1.2,94.0,67.0,72.3,6.0,5.0,13.0,4.0,16.7,2.0,1.0,1.0,0.0,50.0,Matches,2022-2023,West Ham United
Alphonse Areola,fr FRA,GK,30-020,5.0,2.0,309.0,3.4,7.0,2.04,16.0,9.0,68.8,0.0,1.0,1.0,1.0,50.0,2.0,2.0,0.0,0.0,0.0,Matches,2022-2023,West Ham United
Squad Total,,,28.7,26.0,26.0,2340.0,26.0,34.0,1.31,110.0,76.0,71.8,6.0,6.0,14.0,5.0,19.2,4.0,3.0,1.0,0.0,25.0,,2022-2023,West Ham United
Opponent Total,,,27.3,26.0,26.0,2340.0,26.0,24.0,0.92,91.0,65.0,79.1,14.0,6.0,6.0,11.0,42.3,7.0,5.0,2.0,0.0,28.6,,2022-2023,West Ham United
Neto,br BRA,GK,33-243,17.0,17.0,1485.0,16.5,23.0,1.39,85.0,63.0,77.6,4.0,6.0,7.0,4.0,23.5,5.0,4.0,0.0,1.0,0.0,Matches,2022-2023,Bournemouth
Mark Travers,ie IRL,GK,23-305,11.0,10.0,945.0,10.5,31.0,2.95,60.0,31.0,51.7,2.0,0.0,8.0,2.0,20.0,2.0,2.0,0.0,0.0,0.0,Matches,2022-2023,Bournemouth
Squad Total,,,27.0,27.0,27.0,2430.0,27.0,54.0,2.0,145.0,94.0,66.9,6.0,6.0,15.0,6.0,22.2,7.0,6.0,0.0,1.0,0.0,,2022-2023,Bournemouth
Opponent Total,,,27.2,27.0,27.0,2430.0,27.0,25.0,0.93,81.0,56.0,69.1,15.0,6.0,6.0,13.0,48.1,0.0,0.0,0.0,0.0,,,2022-2023,Bournemouth
Gavin Bazunu,ie IRL,GK,21-027,28.0,28.0,2520.0,28.0,46.0,1.64,103.0,60.0,55.3,6.0,5.0,17.0,4.0,14.3,1.0,0.0,1.0,0.0,100.0,Matches,2022-2023,Southampton
Squad Total,,,25.1,28.0,28.0,2520.0,28.0,46.0,1.64,103.0,60.0,55.3,6.0,5.0,17.0,4.0,14.3,1.0,0.0,1.0,0.0,100.0,,2022-2023,Southampton
Opponent Total,,,27.4,28.0,28.0,2520.0,28.0,23.0,0.82,100.0,75.0,78.0,17.0,5.0,6.0,11.0,39.3,3.0,1.0,2.0,0.0,66.7,,2022-2023,Southampton
Nick Pope,eng ENG,GK,29.0,36.0,36.0,3240.0,36.0,47.0,1.31,165.0,119.0,74.5,7.0,14.0,15.0,9.0,25.0,5.0,5.0,0.0,0.0,0.0,Matches,2021-2022,Burnley
Wayne Hennessey,wls WAL,GK,34.0,2.0,2.0,180.0,2.0,6.0,3.0,13.0,8.0,53.8,0.0,0.0,2.0,0.0,0.0,0.0,0.0,0.0,0.0,,Matches,2021-2022,Burnley
Squad Total,,,28.5,38.0,38.0,3420.0,38.0,53.0,1.39,178.0,127.0,73.0,7.0,14.0,17.0,9.0,23.7,5.0,5.0,0.0,0.0,0.0,,2021-2022,Burnley
Opponent Total,,,26.7,38.0,38.0,3420.0,38.0,34.0,0.89,120.0,88.0,72.5,17.0,14.0,7.0,16.0,42.1,2.0,1.0,0.0,1.0,0.0,,2021-2022,Burnley
Ben Foster,eng ENG,GK,38.0,26.0,26.0,2340.0,26.0,49.0,1.88,116.0,67.0,60.3,5.0,5.0,16.0,4.0,15.4,4.0,3.0,1.0,0.0,25.0,Matches,2021-2022,Watford
Daniel Bachmann,at AUT,GK,27.0,12.0,12.0,1080.0,12.0,28.0,2.33,72.0,46.0,65.3,1.0,0.0,11.0,0.0,0.0,3.0,3.0,0.0,0.0,0.0,Matches,2021-2022,Watford
Squad Total,,,28.4,38.0,38.0,3420.0,38.0,77.0,2.03,188.0,113.0,62.2,6.0,5.0,27.0,4.0,10.5,7.0,6.0,1.0,0.0,14.3,,2021-2022,Watford
Opponent Total,,,26.8,38.0,38.0,3420.0,38.0,34.0,0.89,125.0,91.0,73.6,27.0,5.0,6.0,18.0,47.4,2.0,1.0,1.0,0.0,50.0,,2021-2022,Watford
Tim Krul,nl NED,GK,33.0,29.0,29.0,2610.0,29.0,62.0,2.14,165.0,105.0,66.7,4.0,5.0,20.0,5.0,17.2,8.0,7.0,0.0,1.0,0.0,Matches,2021-2022,Norwich City
Angus Gunn,eng ENG,GK,25.0,9.0,9.0,810.0,9.0,22.0,2.44,57.0,34.0,64.9,1.0,2.0,6.0,1.0,11.1,4.0,2.0,1.0,1.0,33.3,Matches,2021-2022,Norwich City
Squad Total,,,26.2,38.0,38.0,3420.0,38.0,84.0,2.21,222.0,139.0,66.2,5.0,7.0,26.0,6.0,15.8,12.0,9.0,1.0,2.0,10.0,,2021-2022,Norwich City
Opponent Total,,,26.8,38.0,38.0,3420.0,38.0,23.0,0.61,107.0,86.0,81.3,26.0,7.0,5.0,22.0,57.9,3.0,3.0,0.0,0.0,0.0,,2021-2022,Norwich City
Alphonse Areola,fr FRA,GK,27.0,36.0,36.0,3240.0,36.0,48.0,1.33,161.0,114.0,73.9,5.0,13.0,18.0,9.0,25.0,6.0,6.0,0.0,0.0,0.0,Matches,2020-2021,Fulham
Marek Rodák,sk SVK,GK,23.0,2.0,2.0,180.0,2.0,5.0,2.5,9.0,4.0,55.6,0.0,0.0,2.0,0.0,0.0,1.0,1.0,0.0,0.0,0.0,Matches,2020-2021,Fulham
Squad Total,,,25.2,38.0,38.0,3420.0,38.0,53.0,1.39,170.0,118.0,72.9,5.0,13.0,20.0,9.0,23.7,7.0,7.0,0.0,0.0,0.0,,2020-2021,Fulham
Opponent Total,,,26.6,38.0,38.0,3420.0,38.0,27.0,0.71,129.0,102.0,81.4,20.0,13.0,5.0,18.0,47.4,6.0,3.0,1.0,2.0,25.0,,2020-2021,Fulham
Aaron Ramsdale,eng ENG,GK,22.0,38.0,38.0,3420.0,38.0,63.0,1.66,206.0,145.0,70.9,7.0,2.0,29.0,5.0,13.2,4.0,3.0,0.0,1.0,0.0,Matches,2020-2021,Sheffield United
Squad Total,,,26.7,38.0,38.0,3420.0,38.0,63.0,1.66,206.0,145.0,70.9,7.0,2.0,29.0,5.0,13.2,4.0,3.0,0.0,1.0,0.0,,2020-2021,Sheffield United
Opponent Total,,,26.7,38.0,38.0,3420.0,38.0,20.0,0.53,96.0,76.0,82.3,29.0,2.0,7.0,21.0,55.3,4.0,3.0,1.0,0.0,25.0,,2020-2021,Sheffield United
Sam Johnstone,eng ENG,GK,27.0,37.0,37.0,3330.0,37.0,74.0,2.0,234.0,162.0,71.4,4.0,11.0,22.0,6.0,16.2,11.0,7.0,1.0,3.0,12.5,Matches,2020-2021,West Bromwich Albion
David Button,eng ENG,GK,31.0,1.0,1.0,90.0,1.0,2.0,2.0,6.0,4.0,66.7,1.0,0.0,0.0,0.0,0.0,0.0,0.0,0.0,0.0,,Matches,2020-2021,West Bromwich Albion
Squad Total,,,26.4,38.0,38.0,3420.0,38.0,76.0,2.0,240.0,166.0,71.3,5.0,11.0,22.0,6.0,15.8,11.0,7.0,1.0,3.0,12.5,,2020-2021,West Bromwich Albion
Opponent Total,,,26.6,38.0,38.0,3420.0,38.0,35.0,0.92,110.0,77.0,71.8,22.0,11.0,5.0,16.0,42.1,4.0,4.0,0.0,0.0,0.0,,2020-2021,West Bromwich Albion
Aaron Ramsdale,eng ENG,GK,21.0,37.0,37.0,3330.0,37.0,62.0,1.68,187.0,124.0,69.5,9.0,7.0,21.0,5.0,13.5,6.0,5.0,1.0,0.0,16.7,Matches,2019-2020,Bournemouth
Mark Travers,ie IRL,GK,20.0,1.0,1.0,90.0,1.0,3.0,3.0,5.0,2.0,40.0,0.0,0.0,1.0,0.0,0.0,0.0,0.0,0.0,0.0,,Matches,2019-2020,Bournemouth
Squad Total,,,25.2,38.0,38.0,3420.0,38.0,65.0,1.71,192.0,126.0,68.8,9.0,7.0,22.0,5.0,13.2,6.0,5.0,1.0,0.0,16.7,,2019-2020,Bournemouth
Opponent Total,,,26.8,38.0,38.0,3420.0,38.0,40.0,1.05,121.0,83.0,70.2,22.0,7.0,9.0,15.0,39.5,4.0,4.0,0.0,0.0,0.0,,2019-2020,Bournemouth
Tim Krul,nl NED,GK,31.0,36.0,36.0,3240.0,36.0,68.0,1.89,195.0,128.0,66.7,5.0,6.0,25.0,5.0,13.9,5.0,3.0,2.0,0.0,40.0,Matches,2019-2020,Norwich City
Michael McGovern,nir NIR,GK,35.0,2.0,1.0,159.0,1.8,6.0,3.4,13.0,6.0,53.8,0.0,0.0,1.0,0.0,0.0,1.0,0.0,1.0,0.0,100.0,Matches,2019-2020,Norwich City
Ralf Fährmann,de GER,GK,30.0,1.0,1.0,21.0,0.2,1.0,4.29,2.0,1.0,100.0,,,1.0,,,,1.0,,,,Matches,2019-2020,Norwich City
Squad Total,,,26.0,38.0,38.0,3420.0,38.0,75.0,1.97,210.0,135.0,66.2,5.0,6.0,27.0,5.0,13.2,7.0,4.0,3.0,0.0,42.9,,2019-2020,Norwich City
Opponent Total,,,26.5,38.0,38.0,3420.0,38.0,26.0,0.68,128.0,103.0,81.3,27.0,6.0,5.0,20.0,52.6,2.0,2.0,0.0,0.0,0.0,,2019-2020,Norwich City
Ben Foster,eng ENG,GK,36.0,38.0,38.0,3420.0,38.0,64.0,1.68,178.0,116.0,68.5,8.0,10.0,20.0,9.0,23.7,9.0,8.0,1.0,0.0,11.1,Matches,2019-2020,Watford
Squad Total,,,28.9,38.0,38.0,3420.0,38.0,64.0,1.68,178.0,116.0,68.5,8.0,10.0,20.0,9.0,23.7,9.0,8.0,1.0,0.0,11.1,,2019-2020,Watford
Opponent Total,,,26.5,38.0,38.0,3420.0,38.0,36.0,0.95,120.0,84.0,75.8,20.0,10.0,8.0,16.0,42.1,8.0,7.0,1.0,0.0,12.5,,2019-2020,Watford
Neil Etheridge,ph PHI,GK,28.0,38.0,38.0,3420.0,38.0,69.0,1.82,207.0,135.0,68.6,10.0,4.0,24.0,10.0,26.3,7.0,4.0,3.0,0.0,42.9,Matches,2018-2019,Cardiff City
Squad Total,,,27.7,38.0,38.0,3420.0,38.0,69.0,1.82,207.0,135.0,68.6,10.0,4.0,24.0,10.0,26.3,7.0,4.0,3.0,0.0,42.9,,2018-2019,Cardiff City
Opponent Total,,,26.7,38.0,38.0,3420.0,38.0,34.0,0.89,117.0,83.0,73.5,24.0,4.0,10.0,17.0,44.7,4.0,3.0,1.0,0.0,25.0,,2018-2019,Cardiff City
Sergio Rico,es ESP,GK,24.0,29.0,29.0,2610.0,29.0,56.0,1.93,165.0,111.0,68.5,6.0,3.0,20.0,5.0,17.2,4.0,4.0,0.0,0.0,0.0,Matches,2018-2019,Fulham
Marcus Bettinelli,eng ENG,GK,26.0,7.0,7.0,630.0,7.0,20.0,2.86,40.0,19.0,52.5,1.0,2.0,4.0,0.0,0.0,3.0,1.0,1.0,1.0,50.0,Matches,2018-2019,Fulham
Fabricio,es ESP,GK,30.0,2.0,2.0,180.0,2.0,5.0,2.5,21.0,16.0,76.2,0.0,0.0,2.0,0.0,0.0,0.0,0.0,0.0,0.0,,Matches,2018-2019,Fulham
Squad Total,,,26.0,38.0,38.0,3420.0,38.0,81.0,2.13,226.0,146.0,66.4,7.0,5.0,26.0,5.0,13.2,7.0,5.0,1.0,1.0,16.7,,2018-2019,Fulham
Opponent Total,,,26.8,38.0,38.0,3420.0,38.0,34.0,0.89,143.0,109.0,77.6,26.0,5.0,7.0,15.0,39.5,3.0,2.0,1.0,0.0,33.3,,2018-2019,Fulham
Jonas Lössl,dk DEN,GK,29.0,31.0,30.0,2777.0,30.9,54.0,1.75,141.0,86.0,64.5,3.0,5.0,22.0,5.0,16.7,5.0,4.0,1.0,0.0,20.0,Matches,2018-2019,Huddersfield Town
Ben Hamer,eng ENG,GK,30.0,7.0,7.0,553.0,6.1,21.0,3.42,42.0,22.0,57.1,0.0,1.0,6.0,0.0,0.0,3.0,3.0,0.0,0.0,0.0,Matches,2018-2019,Huddersfield Town
Joel Coleman,eng ENG,GK,22.0,1.0,1.0,90.0,1.0,1.0,1.0,3.0,2.0,66.7,0.0,1.0,0.0,0.0,0.0,0.0,0.0,0.0,0.0,,Matches,2018-2019,Huddersfield Town
Squad Total,,,26.2,38.0,38.0,3420.0,38.0,76.0,2.0,186.0,110.0,62.9,3.0,7.0,28.0,5.0,13.2,8.0,7.0,1.0,0.0,12.5,,2018-2019,Huddersfield Town
Opponent Total,,,26.5,38.0,38.0,3420.0,38.0,22.0,0.58,117.0,96.0,82.1,28.0,7.0,3.0,19.0,50.0,1.0,1.0,0.0,0.0,0.0,,2018-2019,Huddersfield Town
Ben Foster,eng ENG,GK,34.0,37.0,37.0,3330.0,37.0,55.0,1.49,151.0,98.0,64.2,6.0,12.0,19.0,10.0,27.0,1.0,1.0,0.0,0.0,0.0,Matches,2017-2018,West Bromwich Albion
Boaz Myhill,wls WAL,GK,34.0,1.0,1.0,90.0,1.0,1.0,1.0,3.0,2.0,66.7,0.0,1.0,0.0,0.0,0.0,0.0,0.0,0.0,0.0,,Matches,2017-2018,West Bromwich Albion
Squad Total,,,29.1,38.0,38.0,3420.0,38.0,56.0,1.47,154.0,100.0,64.3,6.0,13.0,19.0,10.0,26.3,1.0,1.0,0.0,0.0,0.0,,2017-2018,West Bromwich Albion
Opponent Total,,,26.9,38.0,38.0,3420.0,38.0,31.0,0.82,112.0,81.0,73.2,19.0,13.0,6.0,13.0,34.2,1.0,1.0,0.0,0.0,0.0,,2017-2018,West Bromwich Albion
Jack Butland,eng ENG,GK,24.0,35.0,35.0,3150.0,35.0,61.0,1.74,201.0,142.0,72.1,7.0,11.0,17.0,6.0,17.1,5.0,5.0,0.0,0.0,0.0,Matches,2017-2018,Stoke City
Lee Grant,eng ENG,GK,34.0,3.0,3.0,270.0,3.0,7.0,2.33,15.0,8.0,53.3,0.0,1.0,2.0,0.0,0.0,0.0,0.0,0.0,0.0,,Matches,2017-2018,Stoke City
Squad Total,,,27.5,38.0,38.0,3420.0,38.0,68.0,1.79,216.0,150.0,70.8,7.0,12.0,19.0,6.0,15.8,5.0,5.0,0.0,0.0,0.0,,2017-2018,Stoke City
Opponent Total,,,26.9,38.0,38.0,3420.0,38.0,35.0,0.92,125.0,88.0,72.0,19.0,12.0,7.0,13.0,34.2,3.0,0.0,3.0,0.0,100.0,,2017-2018,Stoke City
Łukasz Fabiański,pl POL,GK,32.0,38.0,38.0,3420.0,38.0,56.0,1.47,190.0,133.0,72.1,8.0,9.0,21.0,9.0,23.7,6.0,3.0,3.0,0.0,50.0,Matches,2017-2018,Swansea City
Squad Total,,,27.2,38.0,38.0,3420.0,38.0,56.0,1.47,190.0,133.0,72.1,8.0,9.0,21.0,9.0,23.7,6.0,3.0,3.0,0.0,50.0,,2017-2018,Swansea City
Opponent Total,,,27.1,38.0,38.0,3420.0,38.0,28.0,0.74,96.0,69.0,71.9,21.0,9.0,8.0,18.0,47.4,1.0,1.0,0.0,0.0,0.0,,2017-2018,Swansea City
Eldin Jakupović,ch SUI,GK,31.0,22.0,22.0,1980.0,22.0,36.0,1.64,107.0,71.0,70.1,8.0,4.0,10.0,5.0,22.7,7.0,4.0,2.0,1.0,33.3,Matches,2016-2017,Hull City
David Marshall,sct SCO,GK,31.0,16.0,16.0,1440.0,16.0,44.0,2.75,107.0,63.0,65.4,1.0,3.0,12.0,0.0,0.0,7.0,7.0,0.0,0.0,0.0,Matches,2016-2017,Hull City
Squad Total,,,27.4,38.0,38.0,3420.0,38.0,80.0,2.11,214.0,134.0,67.8,9.0,7.0,22.0,5.0,13.2,14.0,11.0,2.0,1.0,15.4,,2016-2017,Hull City
Opponent Total,,,27.4,38.0,38.0,3420.0,38.0,37.0,0.97,118.0,84.0,71.2,22.0,7.0,9.0,16.0,42.1,3.0,3.0,0.0,0.0,0.0,,2016-2017,Hull City
Jordan Pickford,eng ENG,GK,22.0,29.0,29.0,2610.0,29.0,50.0,1.72,189.0,139.0,74.6,5.0,4.0,20.0,4.0,13.8,2.0,2.0,0.0,0.0,0.0,Matches,2016-2017,Sunderland
Vito Mannone,it ITA,GK,28.0,9.0,9.0,810.0,9.0,19.0,2.11,59.0,40.0,71.2,1.0,2.0,6.0,2.0,22.2,2.0,2.0,0.0,0.0,0.0,Matches,2016-2017,Sunderland
Squad Total,,,26.8,38.0,38.0,3420.0,38.0,69.0,1.82,248.0,179.0,73.8,6.0,6.0,26.0,6.0,15.8,4.0,4.0,0.0,0.0,0.0,,2016-2017,Sunderland
Opponent Total,,,27.5,38.0,38.0,3420.0,38.0,29.0,0.76,115.0,91.0,79.1,26.0,6.0,6.0,20.0,52.6,5.0,5.0,0.0,0.0,0.0,,2016-2017,Sunderland
Víctor Valdés,es ESP,GK,34.0,28.0,28.0,2520.0,28.0,36.0,1.29,118.0,82.0,72.0,3.0,10.0,15.0,8.0,28.6,3.0,3.0,0.0,0.0,0.0,Matches,2016-2017,Middlesbrough
Brad Guzan,us USA,GK,31.0,10.0,10.0,900.0,10.0,17.0,1.7,53.0,36.0,69.8,2.0,3.0,5.0,3.0,30.0,2.0,1.0,0.0,1.0,0.0,Matches,2016-2017,Middlesbrough
Squad Total,,,27.3,38.0,38.0,3420.0,38.0,53.0,1.39,171.0,118.0,71.3,5.0,13.0,20.0,11.0,28.9,5.0,4.0,0.0,1.0,0.0,,2016-2017,Middlesbrough
Opponent Total,,,27.4,38.0,38.0,3420.0,38.0,27.0,0.71,96.0,71.0,74.0,20.0,13.0,5.0,18.0,47.4,2.0,2.0,0.0,0.0,0.0,,2016-2017,Middlesbrough
Brad Guzan,us USA,GK,30.0,28.0,28.0,2520.0,28.0,58.0,2.07,144.0,86.0,59.7,1.0,5.0,22.0,2.0,7.1,,,,,,Matches,2015-2016,Aston Villa
Mark Bunn,eng ENG,GK,30.0,10.0,10.0,900.0,10.0,18.0,1.8,42.0,24.0,57.1,2.0,3.0,5.0,4.0,40.0,,,,,,Matches,2015-2016,Aston Villa
Squad Total,,,26.6,38.0,38.0,3420.0,38.0,76.0,2.0,186.0,110.0,59.1,3.0,8.0,27.0,6.0,15.8,,,,,,,2015-2016,Aston Villa
Opponent Total,,,27.1,38.0,38.0,3420.0,38.0,27.0,0.71,109.0,84.0,77.1,27.0,8.0,3.0,18.0,47.4,2.0,2.0,0.0,0.0,0.0,,2015-2016,Aston Villa
Rob Elliot,ie IRL,GK,29.0,21.0,21.0,1890.0,21.0,37.0,1.76,94.0,57.0,60.6,6.0,4.0,11.0,4.0,19.0,,,,,,Matches,2015-2016,Newcastle United
Karl Darlow,eng ENG,GK,24.0,9.0,9.0,810.0,9.0,11.0,1.22,34.0,23.0,67.6,3.0,3.0,3.0,3.0,33.3,,,,,,Matches,2015-2016,Newcastle United
Tim Krul,nl NED,GK,27.0,8.0,8.0,720.0,8.0,17.0,2.12,50.0,33.0,66.0,0.0,3.0,5.0,1.0,12.5,,,,,,Matches,2015-2016,Newcastle United
Squad Total,,,25.4,38.0,38.0,3420.0,38.0,65.0,1.71,178.0,113.0,63.5,9.0,10.0,19.0,8.0,21.1,,,,,,,2015-2016,Newcastle United
Opponent Total,,,27.1,38.0,38.0,3420.0,38.0,44.0,1.16,147.0,106.0,72.1,19.0,10.0,9.0,14.0,36.8,3.0,3.0,0.0,0.0,0.0,,2015-2016,Newcastle United
John Ruddy,eng ENG,GK,28.0,27.0,27.0,2430.0,27.0,44.0,1.63,111.0,67.0,60.4,6.0,6.0,15.0,3.0,11.1,,,,,,Matches,2015-2016,Norwich City
Declan Rudd,eng ENG,GK,24.0,11.0,11.0,990.0,11.0,23.0,2.09,54.0,31.0,57.4,3.0,1.0,7.0,2.0,18.2,,,,,,Matches,2015-2016,Norwich City
Squad Total,,,27.7,38.0,38.0,3420.0,38.0,67.0,1.76,165.0,98.0,59.4,9.0,7.0,22.0,5.0,13.2,,,,,,,2015-2016,Norwich City
Opponent Total,,,26.9,38.0,38.0,3420.0,38.0,39.0,1.03,124.0,86.0,69.4,22.0,7.0,9.0,16.0,42.1,1.0,1.0,0.0,0.0,0.0,,2015-2016,Norwich City
Robert Green,eng ENG,GK,34.0,36.0,36.0,3183.0,35.4,65.0,1.84,192.0,127.0,66.1,7.0,6.0,22.0,5.0,13.9,,,,,,Matches,2014-2015,Queens Park Rangers
Alex McCarthy,eng ENG,GK,24.0,3.0,2.0,237.0,2.6,8.0,3.04,17.0,9.0,52.9,1.0,0.0,2.0,1.0,50.0,,,,,,Matches,2014-2015,Queens Park Rangers
Squad Total,,,28.2,38.0,38.0,3420.0,38.0,73.0,1.92,209.0,136.0,65.1,8.0,6.0,24.0,6.0,15.8,,,,,,,2014-2015,Queens Park Rangers
Opponent Total,,,27.0,38.0,38.0,3420.0,38.0,42.0,1.11,142.0,104.0,72.5,24.0,6.0,8.0,12.0,31.6,6.0,3.0,1.0,2.0,25.0,,2014-2015,Queens Park Rangers
Allan McGregor,sct SCO,GK,32.0,26.0,26.0,2340.0,26.0,39.0,1.5,102.0,63.0,61.8,5.0,7.0,13.0,5.0,19.2,,,,,,Matches,2014-2015,Hull City
Steve Harper,eng ENG,GK,39.0,10.0,10.0,852.0,9.5,10.0,1.06,40.0,30.0,75.0,3.0,2.0,5.0,4.0,40.0,,,,,,Matches,2014-2015,Hull City
Eldin Jakupović,ch SUI,GK,29.0,3.0,2.0,228.0,2.5,2.0,0.79,11.0,9.0,81.8,0.0,2.0,1.0,1.0,50.0,,,,,,Matches,2014-2015,Hull City
Squad Total,,,27.4,38.0,38.0,3420.0,38.0,51.0,1.34,153.0,102.0,66.7,8.0,11.0,19.0,10.0,26.3,,,,,,,2014-2015,Hull City
Opponent Total,,,27.1,38.0,38.0,3420.0,38.0,33.0,0.87,128.0,96.0,75.0,19.0,11.0,8.0,17.0,44.7,1.0,1.0,0.0,0.0,0.0,,2014-2015,Hull City
Tom Heaton,eng ENG,GK,28.0,38.0,38.0,3420.0,38.0,53.0,1.39,178.0,125.0,70.2,7.0,12.0,19.0,10.0,26.3,,,,,,Matches,2014-2015,Burnley
Squad Total,,,27.2,38.0,38.0,3420.0,38.0,53.0,1.39,178.0,125.0,70.2,7.0,12.0,19.0,10.0,26.3,,,,,,,2014-2015,Burnley
Opponent Total,,,26.8,38.0,38.0,3420.0,38.0,26.0,0.68,119.0,94.0,79.0,19.0,12.0,7.0,18.0,47.4,3.0,1.0,0.0,2.0,0.0,,2014-2015,Burnley
John Ruddy,eng ENG,GK,26.0,38.0,38.0,3420.0,38.0,62.0,1.63,189.0,127.0,67.2,8.0,9.0,21.0,12.0,31.6,,,,,,Matches,2013-2014,Norwich City
Squad Total,,,26.3,38.0,38.0,3420.0,,62.0,1.63,189.0,127.0,67.2,8.0,9.0,21.0,12.0,31.6,,,,,,,2013-2014,Norwich City
Opponent Total,,,27.0,38.0,38.0,,,,,,,,21.0,9.0,8.0,,,,,,,,,2013-2014,Norwich City
David Marshall,sct SCO,GK,28.0,37.0,37.0,3330.0,37.0,73.0,1.97,216.0,143.0,66.2,7.0,8.0,22.0,7.0,18.9,,,,,,Matches,2013-2014,Cardiff City
Joe Lewis,eng ENG,GK,25.0,1.0,1.0,90.0,1.0,1.0,1.0,4.0,3.0,75.0,0.0,1.0,0.0,0.0,0.0,,,,,,Matches,2013-2014,Cardiff City
Squad Total,,,25.4,38.0,38.0,3420.0,,74.0,1.95,220.0,146.0,66.4,7.0,9.0,22.0,7.0,18.4,,,,,,,2013-2014,Cardiff City
Opponent Total,,,26.9,38.0,38.0,,,,,,,,22.0,9.0,7.0,,,,,,,,,2013-2014,Cardiff City
David Stockdale,eng ENG,GK,27.0,21.0,19.0,1740.0,19.3,42.0,2.17,116.0,74.0,63.8,7.0,3.0,11.0,3.0,15.8,,,,,,Matches,2013-2014,Fulham
Maarten Stekelenburg,nl NED,GK,30.0,19.0,19.0,1680.0,18.7,43.0,2.3,125.0,82.0,65.6,2.0,2.0,13.0,1.0,5.3,,,,,,Matches,2013-2014,Fulham
Squad Total,,,29.0,38.0,38.0,3420.0,,85.0,2.24,241.0,156.0,64.7,9.0,5.0,24.0,5.0,13.2,,,,,,,2013-2014,Fulham
Opponent Total,,,26.7,38.0,38.0,,,,,,,,24.0,5.0,9.0,,,,,,,,,2013-2014,Fulham
Adam Federici,au AUS,GK,27.0,21.0,21.0,1890.0,21.0,40.0,1.9,118.0,78.0,66.1,5.0,4.0,12.0,3.0,14.3,,,,,,Matches,2012-2013,Reading
Alex McCarthy,eng ENG,GK,22.0,13.0,13.0,1170.0,13.0,23.0,1.77,95.0,72.0,75.8,1.0,6.0,6.0,2.0,15.4,,,,,,Matches,2012-2013,Reading
Stuart Taylor,eng ENG,GK,31.0,4.0,4.0,360.0,4.0,10.0,2.5,23.0,13.0,56.5,0.0,0.0,4.0,0.0,0.0,,,,,,Matches,2012-2013,Reading
Squad Total,,,27.2,38.0,38.0,3420.0,,73.0,1.92,236.0,163.0,69.1,6.0,10.0,22.0,5.0,13.2,,,,,,,2012-2013,Reading
Opponent Total,,,26.9,38.0,38.0,,,,,,,,22.0,10.0,6.0,,,,,,,,,2012-2013,Reading
Júlio César,br BRA,GK,32.0,24.0,24.0,2098.0,23.3,37.0,1.59,125.0,88.0,70.4,1.0,8.0,13.0,6.0,25.0,,,,,,Matches,2012-2013,Queens Park Rangers
Robert Green,eng ENG,GK,32.0,16.0,14.0,1322.0,14.7,23.0,1.57,67.0,44.0,65.7,3.0,5.0,8.0,1.0,7.1,,,,,,Matches,2012-2013,Queens Park Rangers
Squad Total,,,28.2,38.0,38.0,3420.0,,60.0,1.58,192.0,132.0,68.8,4.0,13.0,21.0,7.0,18.4,,,,,,,2012-2013,Queens Park Rangers
Opponent Total,,,27.0,38.0,38.0,,,,,,,,21.0,13.0,4.0,,,,,,,,,2012-2013,Queens Park Rangers
Paul Robinson,eng ENG,GK,31.0,34.0,34.0,3060.0,34.0,71.0,2.09,165.0,94.0,57.0,7.0,6.0,21.0,3.0,8.8,,,,,,Matches,2011-2012,Blackburn Rovers
Mark Bunn,eng ENG,GK,26.0,3.0,3.0,270.0,3.0,5.0,1.67,19.0,14.0,73.7,1.0,1.0,1.0,0.0,0.0,,,,,,Matches,2011-2012,Blackburn Rovers
Jake Kean,eng ENG,GK,20.0,1.0,1.0,90.0,1.0,2.0,2.0,6.0,4.0,66.7,0.0,0.0,1.0,0.0,0.0,,,,,,Matches,2011-2012,Blackburn Rovers
Squad Total,,,25.5,38.0,38.0,3420.0,,78.0,2.05,190.0,112.0,58.9,8.0,7.0,23.0,3.0,7.9,,,,,,,2011-2012,Blackburn Rovers
Opponent Total,,,26.8,38.0,38.0,,,,,,,,23.0,7.0,8.0,,,,,,,,,2011-2012,Blackburn Rovers
Ádám Bogdán,hu HUN,GK,23.0,20.0,20.0,1800.0,20.0,40.0,2.0,122.0,82.0,67.2,6.0,5.0,9.0,1.0,5.0,,,,,,Matches,2011-2012,Bolton Wanderers
Jussi Jääskeläinen,fi FIN,GK,36.0,18.0,18.0,1620.0,18.0,37.0,2.06,111.0,74.0,66.7,4.0,1.0,13.0,2.0,11.1,,,,,,Matches,2011-2012,Bolton Wanderers
Squad Total,,,27.4,38.0,38.0,3420.0,,77.0,2.03,233.0,156.0,67.0,10.0,6.0,22.0,3.0,7.9,,,,,,,2011-2012,Bolton Wanderers
Opponent Total,,,26.8,38.0,38.0,,,,,,,,22.0,6.0,10.0,,,,,,,,,2011-2012,Bolton Wanderers
Wayne Hennessey,wls WAL,GK,24.0,34.0,34.0,3060.0,34.0,73.0,2.15,246.0,173.0,70.3,5.0,8.0,21.0,3.0,8.8,,,,,,Matches,2011-2012,Wolverhampton Wanderers
Dorus de Vries,nl NED,GK,30.0,4.0,4.0,320.0,3.6,8.0,2.25,20.0,12.0,60.0,0.0,2.0,2.0,1.0,25.0,,,,,,Matches,2011-2012,Wolverhampton Wanderers
Carl Ikeme,ng NGA,GK,25.0,1.0,0.0,40.0,0.4,1.0,2.25,5.0,4.0,80.0,0.0,0.0,0.0,0.0,,,,,,,Matches,2011-2012,Wolverhampton Wanderers
Squad Total,,,26.0,38.0,38.0,3420.0,,82.0,2.16,271.0,189.0,69.7,5.0,10.0,23.0,4.0,10.5,,,,,,,2011-2012,Wolverhampton Wanderers
Opponent Total,,,26.9,38.0,38.0,,,,,,,,23.0,10.0,5.0,,,,,,,,,2011-2012,Wolverhampton Wanderers
Richard Kingson,gh GHA,GK,32.0,20.0,19.0,1695.0,18.8,38.0,2.02,119.0,81.0,68.1,5.0,4.0,10.0,3.0,15.8,,,,,,Matches,2010-2011,Blackpool
Matt Gilks,sct SCO,GK,28.0,18.0,18.0,1575.0,17.5,35.0,2.0,101.0,66.0,65.3,5.0,5.0,7.0,3.0,16.7,,,,,,Matches,2010-2011,Blackpool
Paul Rachubka,eng ENG,GK,29.0,2.0,1.0,125.0,1.4,7.0,5.04,16.0,9.0,56.3,0.0,0.0,2.0,0.0,0.0,,,,,,Matches,2010-2011,Blackpool
Mark Halstead,eng ENG,GK,19.0,1.0,0.0,25.0,0.3,0.0,0.0,4.0,4.0,100.0,0.0,0.0,0.0,0.0,,,,,,,Matches,2010-2011,Blackpool
Squad Total,,,26.8,38.0,38.0,3420.0,,80.0,2.11,240.0,160.0,66.7,10.0,9.0,19.0,6.0,15.8,,,,,,,2010-2011,Blackpool
Opponent Total,,,27.0,38.0,38.0,,,,,,,,19.0,9.0,10.0,,,,,,,,,2010-2011,Blackpool
Robert Green,eng ENG,GK,30.0,37.0,37.0,3330.0,37.0,69.0,1.86,240.0,171.0,71.3,7.0,11.0,19.0,5.0,13.5,,,,,,Matches,2010-2011,West Ham United
Ruud Boffin,be BEL,GK,22.0,1.0,1.0,90.0,1.0,1.0,1.0,3.0,2.0,66.7,0.0,1.0,0.0,0.0,0.0,,,,,,Matches,2010-2011,West Ham United
Squad Total,,,27.9,38.0,38.0,3420.0,,70.0,1.84,243.0,173.0,71.2,7.0,12.0,19.0,5.0,13.2,,,,,,,2010-2011,West Ham United
Opponent Total,,,27.0,38.0,38.0,,,,,,,,19.0,12.0,7.0,,,,,,,,,2010-2011,West Ham United
Brian Jensen,dk DEN,GK,34.0,38.0,38.0,3344.0,37.2,80.0,2.15,230.0,150.0,65.2,8.0,6.0,23.0,3.0,7.9,,,,,,Matches,2009-2010,Burnley
Diego Penny,pe PER,GK,25.0,1.0,0.0,76.0,0.8,2.0,2.37,4.0,2.0,50.0,0.0,0.0,1.0,0.0,,,,,,,Matches,2009-2010,Burnley
Squad Total,,,27.9,38.0,38.0,3420.0,,82.0,2.16,234.0,152.0,65.0,8.0,6.0,24.0,3.0,7.9,,,,,,,2009-2010,Burnley
Opponent Total,,,27.2,38.0,38.0,,,,,,,,24.0,6.0,8.0,,,,,,,,,2009-2010,Burnley
Boaz Myhill,wls WAL,GK,26.0,27.0,27.0,2430.0,27.0,58.0,2.15,184.0,126.0,68.5,4.0,7.0,16.0,5.0,18.5,,,,,,Matches,2009-2010,Hull City
Matt Duke,eng ENG,GK,32.0,11.0,11.0,990.0,11.0,17.0,1.55,52.0,35.0,67.3,2.0,5.0,4.0,2.0,18.2,,,,,,Matches,2009-2010,Hull City
Squad Total,,,27.7,38.0,38.0,3420.0,,75.0,1.97,236.0,161.0,68.2,6.0,12.0,20.0,7.0,18.4,,,,,,,2009-2010,Hull City
Opponent Total,,,27.1,38.0,38.0,,,,,,,,20.0,12.0,6.0,,,,,,,,,2009-2010,Hull City
David James,eng ENG,GK,38.0,25.0,25.0,2232.0,24.8,41.0,1.65,132.0,91.0,68.9,5.0,4.0,16.0,3.0,12.0,,,,,,Matches,2009-2010,Portsmouth
Asmir Begović,ba BIH,GK,22.0,9.0,8.0,736.0,8.2,19.0,2.32,42.0,23.0,54.8,2.0,1.0,5.0,2.0,25.0,,,,,,Matches,2009-2010,Portsmouth
Jamie Ashdown,eng ENG,GK,28.0,6.0,5.0,452.0,5.0,6.0,1.19,37.0,31.0,83.8,0.0,2.0,3.0,2.0,40.0,,,,,,Matches,2009-2010,Portsmouth
Squad Total,,,28.2,38.0,38.0,3420.0,,66.0,1.74,211.0,145.0,68.7,7.0,7.0,24.0,7.0,18.4,,,,,,,2009-2010,Portsmouth
Opponent Total,,,26.9,38.0,38.0,,,,,,,,24.0,7.0,7.0,,,,,,,,,2009-2010,Portsmouth
Shay Given,ie IRL,GK,32.0,22.0,22.0,1980.0,22.0,37.0,1.68,120.0,83.0,69.2,5.0,9.0,8.0,5.0,22.7,,,,,,Matches,2008-2009,Newcastle United
Steve Harper,eng ENG,GK,33.0,16.0,16.0,1440.0,16.0,22.0,1.37,90.0,68.0,75.6,2.0,4.0,10.0,2.0,12.5,,,,,,Matches,2008-2009,Newcastle United
Squad Total,,,26.8,38.0,38.0,3420.0,,59.0,1.55,210.0,151.0,71.9,7.0,13.0,18.0,7.0,18.4,,,,,,,2008-2009,Newcastle United
Opponent Total,,,26.6,38.0,38.0,,,,,,,,18.0,13.0,7.0,,,,,,,,,2008-2009,Newcastle United
Ross Turnbull,eng ENG,GK,23.0,22.0,22.0,1980.0,22.0,34.0,1.55,137.0,103.0,75.2,4.0,6.0,12.0,3.0,13.6,,,,,,Matches,2008-2009,Middlesbrough
Brad Jones,au AUS,GK,26.0,16.0,16.0,1440.0,16.0,23.0,1.44,79.0,56.0,70.9,3.0,5.0,8.0,4.0,25.0,,,,,,Matches,2008-2009,Middlesbrough
Squad Total,,,24.5,38.0,38.0,3420.0,,57.0,1.5,216.0,159.0,73.6,7.0,11.0,20.0,7.0,18.4,,,,,,,2008-2009,Middlesbrough
Opponent Total,,,26.7,38.0,38.0,,,,,,,,20.0,11.0,7.0,,,,,,,,,2008-2009,Middlesbrough
Scott Carson,eng ENG,GK,22.0,35.0,35.0,3150.0,35.0,64.0,1.83,211.0,147.0,69.7,7.0,7.0,21.0,7.0,20.0,,,,,,Matches,2008-2009,West Bromwich Albion
Dean Kiely,ie IRL,GK,37.0,3.0,3.0,270.0,3.0,3.0,1.0,16.0,13.0,81.3,1.0,1.0,1.0,1.0,33.3,,,,,,Matches,2008-2009,West Bromwich Albion
Squad Total,,,25.2,38.0,38.0,3420.0,,67.0,1.76,227.0,160.0,70.5,8.0,8.0,22.0,8.0,21.1,,,,,,,2008-2009,West Bromwich Albion
Opponent Total,,,26.7,38.0,38.0,,,,,,,,22.0,8.0,8.0,,,,,,,,,2008-2009,West Bromwich Albion
Marcus Hahnemann,us USA,GK,35.0,38.0,38.0,3420.0,38.0,66.0,1.74,254.0,188.0,74.0,10.0,6.0,22.0,8.0,21.1,,,,,,Matches,2007-2008,Reading
Squad Total,,,27.6,38.0,38.0,3420.0,,66.0,1.74,254.0,188.0,74.0,10.0,6.0,22.0,8.0,21.1,,,,,,,2007-2008,Reading
Opponent Total,,,26.6,38.0,38.0,,,,,,,,22.0,6.0,10.0,,,,,,,,,2007-2008,Reading
Maik Taylor,nir NIR,GK,35.0,34.0,34.0,3060.0,34.0,54.0,1.59,243.0,189.0,77.8,8.0,10.0,16.0,3.0,8.8,,,,,,Matches,2007-2008,Birmingham City
Colin Doyle,ie IRL,GK,22.0,3.0,3.0,270.0,3.0,6.0,2.0,16.0,10.0,62.5,0.0,1.0,2.0,0.0,0.0,,,,,,Matches,2007-2008,Birmingham City
Richard Kingson,gh GHA,GK,29.0,1.0,1.0,90.0,1.0,2.0,2.0,7.0,5.0,71.4,0.0,0.0,1.0,0.0,0.0,,,,,,Matches,2007-2008,Birmingham City
Squad Total,,,25.3,38.0,38.0,3420.0,,62.0,1.63,266.0,204.0,76.7,8.0,11.0,19.0,3.0,7.9,,,,,,,2007-2008,Birmingham City
Opponent Total,,,26.6,38.0,38.0,,,,,,,,19.0,11.0,8.0,,,,,,,,,2007-2008,Birmingham City
Stephen Bywater,eng ENG,GK,26.0,18.0,18.0,1620.0,18.0,41.0,2.28,116.0,75.0,64.7,1.0,4.0,13.0,2.0,11.1,,,,,,Matches,2007-2008,Derby County
Roy Carroll,nir NIR,GK,29.0,14.0,14.0,1260.0,14.0,38.0,2.71,114.0,76.0,66.7,0.0,3.0,11.0,1.0,7.1,,,,,,Matches,2007-2008,Derby County
Lewis Price,wls WAL,GK,23.0,6.0,6.0,540.0,6.0,10.0,1.67,33.0,23.0,69.7,0.0,1.0,5.0,0.0,0.0,,,,,,Matches,2007-2008,Derby County
Squad Total,,,27.6,38.0,38.0,3420.0,,89.0,2.34,263.0,174.0,66.2,1.0,8.0,29.0,3.0,7.9,,,,,,,2007-2008,Derby County
Opponent Total,,,26.5,38.0,38.0,,,,,,,,29.0,8.0,1.0,,,,,,,,,2007-2008,Derby County
Phil Jagielka,eng ENG,"DF,MF",23.0,1.0,0.0,28.0,38.0,,,1.0,1.0,,,,,,,,,,,,Matches,2006-2007,Sheffield United
Paddy Kenny,ie IRL,GK,28.0,34.0,34.0,3032.0,33.7,46.0,1.37,208.0,162.0,77.9,10.0,7.0,17.0,9.0,26.5,,,,,,Matches,2006-2007,Sheffield United
Ian Bennett,eng ENG,GK,34.0,2.0,2.0,180.0,2.0,5.0,2.5,14.0,9.0,64.3,0.0,0.0,2.0,0.0,0.0,,,,,,Matches,2006-2007,Sheffield United
Paul Gerrard,eng ENG,GK,33.0,2.0,2.0,180.0,2.0,4.0,2.0,13.0,9.0,69.2,0.0,1.0,1.0,0.0,0.0,,,,,,Matches,2006-2007,Sheffield United
Squad Total,,,26.0,38.0,38.0,3420.0,,55.0,1.45,236.0,181.0,76.7,10.0,8.0,20.0,9.0,23.7,,,,,,,2006-2007,Sheffield United
Opponent Total,,,26.7,38.0,38.0,,,,,,,,20.0,8.0,10.0,,,,,,,,,2006-2007,Sheffield United
Ben Foster,eng ENG,GK,23.0,29.0,29.0,2565.0,28.5,45.0,1.58,211.0,166.0,78.7,4.0,10.0,14.0,6.0,20.7,,,,,,Matches,2006-2007,Watford
Richard Lee,eng ENG,GK,23.0,10.0,9.0,854.0,9.5,14.0,1.48,61.0,47.0,77.0,1.0,3.0,6.0,3.0,33.3,,,,,,Matches,2006-2007,Watford
Alec Chamberlain,,GK,42.0,,,,0.0,,,,,,,,,,,,,,,,Matches,2006-2007,Watford
Squad Total,,,25.2,38.0,38.0,3419.0,,59.0,1.55,272.0,213.0,78.3,5.0,13.0,20.0,9.0,23.7,,,,,,,2006-2007,Watford
Opponent Total,,,26.5,38.0,38.0,,,,,,,,20.0,13.0,5.0,,,,,,,,,2006-2007,Watford
Scott Carson,eng ENG,GK,20.0,36.0,36.0,3240.0,36.0,55.0,1.53,233.0,178.0,76.4,8.0,9.0,19.0,11.0,30.6,,,,,,Matches,2006-2007,Charlton Athletic
Thomas Myhre,no NOR,GK,32.0,1.0,1.0,90.0,1.0,3.0,3.0,8.0,5.0,62.5,0.0,0.0,1.0,0.0,0.0,,,,,,Matches,2006-2007,Charlton Athletic
Darren Randolph,ie IRL,GK,19.0,1.0,1.0,90.0,1.0,2.0,2.0,6.0,4.0,66.7,0.0,1.0,0.0,0.0,0.0,,,,,,Matches,2006-2007,Charlton Athletic
Squad Total,,,27.1,38.0,38.0,3420.0,,60.0,1.58,247.0,187.0,75.7,8.0,10.0,20.0,11.0,28.9,,,,,,,2006-2007,Charlton Athletic
Opponent Total,,,26.7,38.0,38.0,,,,,,,,20.0,10.0,8.0,,,,,,,,,2006-2007,Charlton Athletic
Kelvin Davis,eng ENG,GK,28.0,33.0,33.0,2970.0,33.0,57.0,1.73,234.0,177.0,75.6,3.0,6.0,24.0,4.0,12.1,,,,,,Matches,2005-2006,Sunderland
Ben Alnwick,eng ENG,GK,18.0,5.0,5.0,450.0,5.0,12.0,2.4,43.0,31.0,72.1,0.0,0.0,5.0,0.0,0.0,,,,,,Matches,2005-2006,Sunderland
Squad Total,,,24.8,38.0,38.0,3420.0,,69.0,1.82,277.0,208.0,75.1,3.0,6.0,29.0,4.0,10.5,,,,,,,2005-2006,Sunderland
Opponent Total,,,26.9,38.0,38.0,,,,,,,,29.0,6.0,3.0,,,,,,,,,2005-2006,Sunderland
Tomasz Kuszczak,pl POL,GK,23.0,28.0,28.0,2491.0,27.7,37.0,1.34,182.0,145.0,79.7,5.0,7.0,16.0,9.0,32.1,,,,,,Matches,2005-2006,West Bromwich Albion
Chris Kirkland,eng ENG,GK,24.0,10.0,10.0,900.0,10.0,19.0,1.9,63.0,44.0,69.8,2.0,2.0,6.0,1.0,10.0,,,,,,Matches,2005-2006,West Bromwich Albion
Russell Hoult,eng ENG,GK,32.0,,,,0.3,,,,,,,,,,,,,,,,Matches,2005-2006,West Bromwich Albion
Squad Total,,,26.4,38.0,38.0,3391.0,,56.0,1.49,245.0,189.0,77.1,7.0,9.0,22.0,10.0,26.3,,,,,,,2005-2006,West Bromwich Albion
Opponent Total,,,26.8,38.0,38.0,,,,,,,,22.0,9.0,7.0,,,,,,,,,2005-2006,West Bromwich Albion
Maik Taylor,nir NIR,GK,33.0,34.0,34.0,3060.0,34.0,44.0,1.29,202.0,158.0,78.2,6.0,10.0,18.0,8.0,23.5,,,,,,Matches,2005-2006,Birmingham City
Nico Vaesen,be BEL,GK,35.0,4.0,4.0,360.0,4.0,6.0,1.5,20.0,14.0,70.0,2.0,0.0,2.0,2.0,50.0,,,,,,Matches,2005-2006,Birmingham City
Squad Total,,,28.0,38.0,38.0,3420.0,,50.0,1.32,222.0,172.0,77.5,8.0,10.0,20.0,10.0,26.3,,,,,,,2005-2006,Birmingham City
Opponent Total,,,26.7,38.0,38.0,,,,,,,,20.0,10.0,8.0,,,,,,,,,2005-2006,Birmingham City
Robert Green,eng ENG,GK,24.0,38.0,38.0,3392.0,37.7,76.0,2.02,288.0,212.0,73.6,7.0,12.0,19.0,6.0,15.8,,,,,,Matches,2004-2005,Norwich City
Darren Ward,wls WAL,GK,30.0,1.0,0.0,28.0,0.3,1.0,3.21,3.0,2.0,66.7,0.0,0.0,0.0,0.0,,,,,,,Matches,2004-2005,Norwich City
Squad Total,,,27.6,38.0,38.0,3420.0,,77.0,2.03,291.0,214.0,73.5,7.0,12.0,19.0,6.0,15.8,,,,,,,2004-2005,Norwich City
Opponent Total,,,27.2,38.0,38.0,,,,,,,,19.0,12.0,7.0,,,,,,,,,2004-2005,Norwich City
Gábor Király,hu HUN,GK,28.0,32.0,32.0,2880.0,32.0,49.0,1.53,234.0,185.0,79.1,7.0,11.0,14.0,10.0,31.3,,,,,,Matches,2004-2005,Crystal Palace
Julián Speroni,ar ARG,GK,25.0,6.0,6.0,540.0,6.0,13.0,2.17,57.0,44.0,77.2,0.0,1.0,5.0,0.0,0.0,,,,,,Matches,2004-2005,Crystal Palace
Squad Total,,,25.7,38.0,38.0,3420.0,,62.0,1.63,291.0,229.0,78.7,7.0,12.0,19.0,10.0,26.3,,,,,,,2004-2005,Crystal Palace
Opponent Total,,,27.2,38.0,38.0,,,,,,,,19.0,12.0,7.0,,,,,,,,,2004-2005,Crystal Palace
Antti Niemi,fi FIN,GK,32.0,28.0,28.0,2435.0,27.1,50.0,1.85,125.0,75.0,60.0,4.0,9.0,15.0,2.0,7.1,,,,,,Matches,2004-2005,Southampton
Paul Smith,eng ENG,GK,24.0,6.0,5.0,535.0,5.9,8.0,1.35,22.0,14.0,63.6,1.0,3.0,2.0,1.0,20.0,,,,,,Matches,2004-2005,Southampton
Kasey Keller,us USA,GK,34.0,4.0,4.0,360.0,4.0,8.0,2.0,18.0,10.0,55.6,1.0,1.0,2.0,0.0,0.0,,,,,,Matches,2004-2005,Southampton
Alan Blayney,nir NIR,GK,22.0,1.0,1.0,90.0,1.0,2.0,2.0,5.0,3.0,60.0,0.0,1.0,0.0,0.0,0.0,,,,,,Matches,2004-2005,Southampton
Squad Total,,,28.4,38.0,38.0,3420.0,,68.0,1.79,170.0,102.0,60.0,6.0,14.0,18.0,7.0,18.4,,,,,,,2004-2005,Southampton
Opponent Total,,,26.9,38.0,38.0,,,,,,,,18.0,14.0,6.0,,,,,,,,,2004-2005,Southampton
Paul Jones,wls WAL,GK,36.0,26.0,26.0,2340.0,26.0,41.0,1.58,149.0,108.0,72.5,7.0,8.0,11.0,8.0,30.8,,,,,,Matches,2003-2004,Wolverhampton Wanderers
Michael Oakes,eng ENG,GK,29.0,21.0,21.0,1890.0,21.0,39.0,1.86,122.0,83.0,68.0,4.0,7.0,10.0,4.0,19.0,,,,,,Matches,2003-2004,Wolverhampton Wanderers
Matt Murray,eng ENG,GK,22.0,1.0,1.0,90.0,1.0,5.0,5.0,12.0,7.0,58.3,0.0,0.0,1.0,0.0,0.0,,,,,,Matches,2003-2004,Wolverhampton Wanderers
Squad Total,,,29.8,38.0,38.0,4320.0,,85.0,1.77,283.0,198.0,70.0,7.0,12.0,19.0,7.0,18.4,,,,,,,2003-2004,Wolverhampton Wanderers
Opponent Total,,,27.2,38.0,38.0,,,,,,,,19.0,12.0,7.0,,,,,,,,,2003-2004,Wolverhampton Wanderers
Paul Robinson,eng ENG,GK,23.0,36.0,36.0,3238.0,36.0,76.0,2.11,202.0,126.0,62.4,8.0,8.0,20.0,3.0,8.3,,,,,,Matches,2003-2004,Leeds United
Scott Carson,eng ENG,GK,17.0,3.0,2.0,182.0,2.0,3.0,1.48,13.0,10.0,76.9,0.0,1.0,1.0,0.0,0.0,,,,,,Matches,2003-2004,Leeds United
Squad Total,,,25.2,38.0,38.0,3420.0,,79.0,2.08,215.0,136.0,63.3,8.0,9.0,21.0,3.0,7.9,,,,,,,2003-2004,Leeds United
Opponent Total,,,27.3,38.0,38.0,,,,,,,,21.0,9.0,8.0,,,,,,,,,2003-2004,Leeds United
Ian Walker,eng ENG,GK,31.0,37.0,37.0,3262.0,36.2,61.0,1.68,196.0,135.0,68.9,6.0,14.0,16.0,9.0,24.3,,,,,,Matches,2003-2004,Leicester City
Danny Coyne,wls WAL,GK,29.0,4.0,1.0,158.0,1.8,4.0,2.28,14.0,10.0,71.4,0.0,1.0,1.0,0.0,0.0,,,,,,Matches,2003-2004,Leicester City
Squad Total,,,29.4,38.0,38.0,3420.0,,65.0,1.71,210.0,145.0,69.0,6.0,15.0,17.0,9.0,23.7,,,,,,,2003-2004,Leicester City
Opponent Total,,,27.2,38.0,38.0,,,,,,,,17.0,15.0,6.0,,,,,,,,,2003-2004,Leicester City
Russell Hoult,eng ENG,GK,29.0,37.0,37.0,3275.0,36.4,61.0,1.68,196.0,135.0,68.9,6.0,8.0,22.0,6.0,16.2,,,,,,Matches,2002-2003,West Bromwich Albion
Joe Murphy,ie IRL,GK,20.0,2.0,1.0,145.0,1.6,4.0,2.48,12.0,8.0,66.7,0.0,0.0,2.0,0.0,0.0,,,,,,Matches,2002-2003,West Bromwich Albion
Squad Total,,,27.2,38.0,38.0,3420.0,,65.0,1.71,208.0,143.0,68.8,6.0,8.0,24.0,6.0,15.8,,,,,,,2002-2003,West Bromwich Albion
Opponent Total,,,27.0,38.0,38.0,,,,,,,,24.0,8.0,6.0,,,,,,,,,2002-2003,West Bromwich Albion
David James,eng ENG,GK,31.0,38.0,38.0,3420.0,38.0,59.0,1.55,198.0,139.0,70.2,10.0,12.0,16.0,9.0,23.7,,,,,,Matches,2002-2003,West Ham United
Squad Total,,,27.3,38.0,38.0,3420.0,,59.0,1.55,198.0,139.0,70.2,10.0,12.0,16.0,9.0,23.7,,,,,,,2002-2003,West Ham United
Opponent Total,,,26.9,38.0,38.0,,,,,,,,16.0,12.0,10.0,,,,,,,,,2002-2003,West Ham United
Thomas Sørensen,dk DEN,GK,26.0,21.0,21.0,1813.0,20.1,37.0,1.84,94.0,57.0,60.6,2.0,3.0,16.0,4.0,19.0,,,,,,Matches,2002-2003,Sunderland
Jürgen Macho,at AUT,GK,24.0,13.0,12.0,1143.0,12.7,19.0,1.5,87.0,68.0,78.2,2.0,4.0,7.0,2.0,16.7,,,,,,Matches,2002-2003,Sunderland
Mart Poom,ee EST,GK,30.0,4.0,4.0,360.0,4.0,8.0,2.0,21.0,13.0,61.9,0.0,0.0,4.0,0.0,0.0,,,,,,Matches,2002-2003,Sunderland
Thomas Myhre,no NOR,GK,28.0,2.0,1.0,104.0,1.2,1.0,0.87,8.0,7.0,87.5,0.0,0.0,0.0,0.0,0.0,,,,,,Matches,2002-2003,Sunderland
Squad Total,,,26.0,38.0,38.0,3420.0,,65.0,1.71,210.0,145.0,69.0,4.0,7.0,27.0,6.0,15.8,,,,,,,2002-2003,Sunderland
Opponent Total,,,27.2,38.0,38.0,,,,,,,,27.0,7.0,4.0,,,,,,,,,2002-2003,Sunderland
Andy Oakes,eng ENG,GK,24.0,20.0,20.0,1758.0,19.5,36.0,1.84,134.0,98.0,73.1,3.0,3.0,14.0,3.0,15.0,,,,,,Matches,2001-2002,Derby County
Mart Poom,ee EST,GK,29.0,17.0,16.0,1472.0,16.4,23.0,1.41,102.0,79.0,77.5,5.0,2.0,9.0,3.0,18.8,,,,,,Matches,2001-2002,Derby County
Ian Feuer,us USA,GK,30.0,2.0,2.0,180.0,2.0,4.0,2.0,12.0,8.0,66.7,0.0,1.0,1.0,0.0,0.0,,,,,,Matches,2001-2002,Derby County
Patrick Foletti,ch SUI,GK,27.0,,,,1.6,,,,,,,,,,,,,,,,Matches,2001-2002,Derby County
Squad Total,,,26.1,38.0,38.0,3410.0,,63.0,1.66,248.0,185.0,74.6,8.0,6.0,24.0,7.0,18.4,,,,,,,2001-2002,Derby County
Opponent Total,,,27.3,38.0,38.0,,,,,,,,24.0,6.0,8.0,,,,,,,,,2001-2002,Derby County
Ian Walker,eng ENG,GK,29.0,35.0,35.0,3084.0,34.3,51.0,1.49,213.0,162.0,76.1,5.0,12.0,17.0,7.0,20.0,,,,,,Matches,2001-2002,Leicester City
Tim Flowers,eng ENG,GK,34.0,4.0,3.0,336.0,3.7,13.0,3.48,29.0,16.0,55.2,0.0,1.0,3.0,0.0,0.0,,,,,,Matches,2001-2002,Leicester City
Squad Total,,,27.3,38.0,38.0,3420.0,,64.0,1.68,242.0,178.0,73.6,5.0,13.0,20.0,7.0,18.4,,,,,,,2001-2002,Leicester City
Opponent Total,,,27.2,38.0,38.0,,,,,,,,20.0,13.0,5.0,,,,,,,,,2001-2002,Leicester City
Nicky Weaver,eng ENG,GK,21.0,31.0,31.0,2790.0,31.0,54.0,1.74,152.0,98.0,64.5,5.0,9.0,17.0,6.0,19.4,,,,,,Matches,2000-2001,Manchester City
Carlo Nash,eng ENG,GK,26.0,6.0,6.0,540.0,6.0,10.0,1.67,44.0,34.0,77.3,2.0,1.0,3.0,1.0,16.7,,,,,,Matches,2000-2001,Manchester City
Tommy Wright,nir NIR,GK,36.0,1.0,1.0,90.0,1.0,1.0,1.0,8.0,7.0,87.5,0.0,1.0,0.0,0.0,0.0,,,,,,Matches,2000-2001,Manchester City
Squad Total,,,26.1,38.0,38.0,3420.0,,65.0,1.71,204.0,139.0,68.1,8.0,10.0,20.0,7.0,18.4,,,,,,,2000-2001,Manchester City
Opponent Total,,,27.0,38.0,38.0,,,,,,,,20.0,10.0,8.0,,,,,,,,,2000-2001,Manchester City
Chris Kirkland,eng ENG,GK,19.0,23.0,23.0,2003.0,22.3,34.0,1.53,125.0,91.0,72.8,5.0,6.0,11.0,4.0,17.4,,,,,,Matches,2000-2001,Coventry City
Magnus Hedman,se SWE,GK,27.0,15.0,15.0,1350.0,15.0,23.0,1.53,84.0,61.0,72.6,3.0,4.0,8.0,2.0,13.3,,,,,,Matches,2000-2001,Coventry City
Alan Miller,eng ENG,GK,30.0,1.0,0.0,67.0,0.7,6.0,8.06,11.0,5.0,45.5,0.0,0.0,1.0,0.0,,,,,,,Matches,2000-2001,Coventry City
Squad Total,,,25.7,38.0,38.0,3420.0,,63.0,1.66,220.0,157.0,71.4,8.0,10.0,20.0,6.0,15.8,,,,,,,2000-2001,Coventry City
Opponent Total,,,27.2,38.0,38.0,,,,,,,,20.0,10.0,8.0,,,,,,,,,2000-2001,Coventry City
Gary Walsh,eng ENG,GK,32.0,22.0,22.0,1873.0,20.8,39.0,1.87,148.0,109.0,73.6,4.0,6.0,12.0,3.0,13.6,,,,,,Matches,2000-2001,Bradford City
Matt Clarke,eng ENG,GK,26.0,17.0,17.0,1530.0,17.0,31.0,1.82,114.0,83.0,72.8,2.0,6.0,9.0,2.0,11.8,,,,,,Matches,2000-2001,Bradford City
Aidan Davison,nir NIR,GK,32.0,2.0,2.0,180.0,2.0,3.0,1.5,13.0,10.0,76.9,0.0,1.0,1.0,1.0,50.0,,,,,,Matches,2000-2001,Bradford City
Squad Total,,,30.4,38.0,38.0,3583.0,,73.0,1.83,275.0,202.0,73.5,5.0,11.0,22.0,6.0,15.8,,,,,,,2000-2001,Bradford City
Opponent Total,,,26.7,38.0,38.0,,,,,,,,22.0,11.0,5.0,,,,,,,,,2000-2001,Bradford City
Pavel Srníček,cz CZE,GK,31.0,20.0,20.0,1741.0,19.3,28.0,1.45,112.0,84.0,75.0,5.0,4.0,10.0,4.0,20.0,,,,,,Matches,1999-2000,Sheffield Wednesday
Kevin Pressman,eng ENG,GK,31.0,19.0,18.0,1679.0,18.7,42.0,2.25,120.0,78.0,65.0,3.0,3.0,13.0,3.0,16.7,,,,,,Matches,1999-2000,Sheffield Wednesday
Squad Total,,,28.4,38.0,38.0,3420.0,,70.0,1.84,232.0,162.0,69.8,8.0,7.0,23.0,7.0,18.4,,,,,,,1999-2000,Sheffield Wednesday
Opponent Total,,,27.1,38.0,38.0,,,,,,,,23.0,7.0,8.0,,,,,,,,,1999-2000,Sheffield Wednesday
Neil Sullivan,sct SCO,GK,29.0,37.0,37.0,3330.0,37.0,73.0,1.97,251.0,178.0,70.9,6.0,12.0,19.0,5.0,13.5,,,,,,Matches,1999-2000,Wimbledon
Paul Heald,eng ENG,GK,30.0,1.0,1.0,90.0,1.0,1.0,1.0,5.0,4.0,80.0,1.0,0.0,0.0,0.0,0.0,,,,,,Matches,1999-2000,Wimbledon
Squad Total,,,26.7,38.0,38.0,3420.0,,74.0,1.95,256.0,182.0,71.1,7.0,12.0,19.0,5.0,13.2,,,,,,,1999-2000,Wimbledon
Opponent Total,,,27.1,38.0,38.0,,,,,,,,19.0,12.0,7.0,,,,,,,,,1999-2000,Wimbledon
Alec Chamberlain,,GK,35.0,27.0,27.0,2430.0,27.0,61.0,2.26,168.0,107.0,63.7,3.0,4.0,20.0,3.0,11.1,,,,,,Matches,1999-2000,Watford
Chris Day,eng ENG,GK,24.0,11.0,11.0,990.0,11.0,16.0,1.45,52.0,36.0,69.2,3.0,2.0,6.0,2.0,18.2,,,,,,Matches,1999-2000,Watford
Squad Total,,,26.2,38.0,38.0,3420.0,,77.0,2.03,220.0,143.0,65.0,6.0,6.0,26.0,6.0,15.8,,,,,,,1999-2000,Watford
Opponent Total,,,27.3,38.0,38.0,,,,,,,,26.0,6.0,6.0,,,,,,,,,1999-2000,Watford
Saša Ilić,SCG,GK,26.0,23.0,23.0,1978.0,22.0,33.0,1.5,91.0,58.0,63.7,3.0,7.0,11.0,6.0,26.1,,,,,,Matches,1998-1999,Charlton Athletic
Simon Royce,eng ENG,GK,26.0,8.0,8.0,675.0,7.5,5.0,0.67,31.0,26.0,83.9,3.0,2.0,2.0,4.0,50.0,,,,,,Matches,1998-1999,Charlton Athletic
Andy Petterson,au AUS,GK,28.0,10.0,7.0,631.0,7.0,18.0,2.57,56.0,38.0,67.9,2.0,3.0,5.0,1.0,14.3,,,,,,Matches,1998-1999,Charlton Athletic
Squad Total,,,27.5,38.0,38.0,3284.0,,56.0,1.53,178.0,122.0,68.5,8.0,12.0,18.0,11.0,28.9,,,,,,,1998-1999,Charlton Athletic
Opponent Total,,,26.7,38.0,38.0,,,,,,,,18.0,12.0,8.0,,,,,,,,,1998-1999,Charlton Athletic
John Filan,au AUS,GK,28.0,26.0,26.0,2295.0,25.5,35.0,1.37,136.0,101.0,74.3,4.0,10.0,11.0,5.0,19.2,,,,,,Matches,1998-1999,Blackburn Rovers
Tim Flowers,eng ENG,GK,31.0,11.0,10.0,945.0,10.5,17.0,1.62,46.0,29.0,63.0,2.0,3.0,6.0,3.0,30.0,,,,,,Matches,1998-1999,Blackburn Rovers
Alan Fettis,nir NIR,GK,27.0,2.0,2.0,180.0,2.0,0.0,0.0,7.0,7.0,100.0,1.0,1.0,0.0,2.0,100.0,,,,,,Matches,1998-1999,Blackburn Rovers
Squad Total,,,25.5,38.0,38.0,3420.0,,52.0,1.37,189.0,137.0,72.5,7.0,14.0,17.0,10.0,26.3,,,,,,,1998-1999,Blackburn Rovers
Opponent Total,,,26.8,38.0,38.0,,,,,,,,17.0,14.0,7.0,,,,,,,,,1998-1999,Blackburn Rovers
Dave Beasant,eng ENG,GK,39.0,26.0,26.0,2340.0,26.0,54.0,2.08,171.0,117.0,68.4,3.0,8.0,15.0,3.0,11.5,,,,,,Matches,1998-1999,Nottingham Forest
Mark Crossley,wls WAL,GK,29.0,12.0,12.0,1080.0,12.0,15.0,1.25,54.0,39.0,72.2,4.0,1.0,7.0,3.0,25.0,,,,,,Matches,1998-1999,Nottingham Forest
Squad Total,,,27.1,38.0,38.0,3420.0,,69.0,1.82,225.0,156.0,69.3,7.0,9.0,22.0,6.0,15.8,,,,,,,1998-1999,Nottingham Forest
Opponent Total,,,26.7,38.0,38.0,,,,,,,,22.0,9.0,7.0,,,,,,,,,1998-1999,Nottingham Forest
Kevin Miller,eng ENG,GK,28.0,38.0,38.0,3420.0,38.0,71.0,1.87,250.0,179.0,71.6,8.0,9.0,21.0,6.0,15.8,,,,,,Matches,1997-1998,Crystal Palace
Squad Total,,,25.7,38.0,38.0,3420.0,,71.0,1.87,250.0,179.0,71.6,8.0,9.0,21.0,6.0,15.8,,,,,,,1997-1998,Crystal Palace
Opponent Total,,,26.4,38.0,38.0,,,,,,,,21.0,9.0,8.0,,,,,,,,,1997-1998,Crystal Palace
David Watson,eng ENG,GK,23.0,30.0,29.0,2674.0,29.7,65.0,2.19,221.0,156.0,70.6,8.0,4.0,17.0,4.0,13.8,,,,,,Matches,1997-1998,Barnsley
Lars Leese,de GER,GK,27.0,9.0,9.0,810.0,9.0,17.0,1.89,63.0,46.0,73.0,2.0,1.0,6.0,1.0,11.1,,,,,,Matches,1997-1998,Barnsley
Squad Total,,,26.2,38.0,38.0,3484.0,,82.0,2.12,284.0,202.0,71.1,10.0,5.0,23.0,5.0,13.2,,,,,,,1997-1998,Barnsley
Opponent Total,,,26.8,38.0,38.0,,,,,,,,23.0,5.0,10.0,,,,,,,,,1997-1998,Barnsley
Keith Branagan,ie IRL,GK,31.0,34.0,34.0,3060.0,34.0,50.0,1.47,184.0,134.0,72.8,9.0,11.0,14.0,10.0,29.4,,,,,,Matches,1997-1998,Bolton Wanderers
Gavin Ward,eng ENG,GK,27.0,6.0,4.0,412.0,4.6,11.0,2.4,33.0,22.0,66.7,0.0,2.0,2.0,0.0,0.0,,,,,,Matches,1997-1998,Bolton Wanderers
Squad Total,,,28.0,38.0,38.0,3472.0,,61.0,1.58,217.0,156.0,71.9,9.0,13.0,16.0,10.0,26.3,,,,,,,1997-1998,Bolton Wanderers
Opponent Total,,,26.4,38.0,38.0,,,,,,,,16.0,13.0,9.0,,,,,,,,,1997-1998,Bolton Wanderers
Lionel Pérez,fr FRA,GK,29.0,29.0,28.0,2588.0,28.8,45.0,1.56,172.0,127.0,73.8,8.0,6.0,15.0,7.0,25.0,,,,,,Matches,1996-1997,Sunderland
Tony Coton,eng ENG,GK,35.0,10.0,10.0,900.0,10.0,8.0,0.8,40.0,32.0,80.0,2.0,4.0,3.0,4.0,40.0,,,,,,Matches,1996-1997,Sunderland
Squad Total,,,28.3,38.0,38.0,3488.0,,53.0,1.37,212.0,159.0,75.0,10.0,10.0,18.0,11.0,28.9,,,,,,,1996-1997,Sunderland
Opponent Total,,,26.9,38.0,38.0,,,,,,,,18.0,10.0,10.0,,,,,,,,,1996-1997,Sunderland
Gary Walsh,eng ENG,GK,28.0,12.0,12.0,1080.0,12.0,18.0,1.5,70.0,52.0,74.3,4.0,2.0,6.0,2.0,16.7,,,,,,Matches,1996-1997,Middlesbrough
Alan Miller,eng ENG,GK,26.0,10.0,10.0,900.0,10.0,17.0,1.7,60.0,43.0,71.7,0.0,4.0,6.0,1.0,10.0,,,,,,Matches,1996-1997,Middlesbrough
Ben Roberts,eng ENG,GK,21.0,10.0,9.0,850.0,9.4,16.0,1.69,59.0,43.0,72.9,3.0,4.0,2.0,1.0,11.1,,,,,,Matches,1996-1997,Middlesbrough
Mark Schwarzer,au AUS,GK,23.0,7.0,7.0,630.0,6.8,9.0,1.29,36.0,27.0,75.0,3.0,2.0,2.0,2.0,28.6,,,,,,Matches,1996-1997,Middlesbrough
Squad Total,,,26.2,38.0,38.0,3460.0,,60.0,1.56,225.0,165.0,73.3,10.0,12.0,16.0,6.0,15.8,,,,,,,1996-1997,Middlesbrough
Opponent Total,,,27.1,38.0,38.0,,,,,,,,16.0,12.0,10.0,,,,,,,,,1996-1997,Middlesbrough
Mark Crossley,wls WAL,GK,27.0,33.0,33.0,2970.0,33.0,49.0,1.48,172.0,123.0,71.5,6.0,12.0,15.0,7.0,21.2,,,,,,Matches,1996-1997,Nottingham Forest
Alan Fettis,nir NIR,GK,25.0,4.0,4.0,360.0,4.0,8.0,2.0,22.0,14.0,63.6,0.0,3.0,1.0,1.0,25.0,,,,,,Matches,1996-1997,Nottingham Forest
Tommy Wright,nir NIR,GK,32.0,1.0,1.0,90.0,1.0,2.0,2.0,9.0,7.0,77.8,0.0,1.0,0.0,0.0,0.0,,,,,,Matches,1996-1997,Nottingham Forest
Squad Total,,,27.9,38.0,38.0,3420.0,,59.0,1.55,203.0,144.0,70.9,6.0,16.0,16.0,8.0,21.1,,,,,,,1996-1997,Nottingham Forest
Opponent Total,,,27.0,38.0,38.0,,,,,,,,16.0,16.0,6.0,,,,,,,,,1996-1997,Nottingham Forest
Eike Immel,de GER,GK,34.0,38.0,38.0,3420.0,38.0,58.0,1.53,203.0,145.0,71.4,9.0,11.0,18.0,8.0,21.1,,,,,,Matches,1995-1996,Manchester City
Squad Total,,,26.1,38.0,38.0,3420.0,,58.0,1.53,203.0,145.0,71.4,9.0,11.0,18.0,9.0,23.7,,,,,,,1995-1996,Manchester City
Opponent Total,,,26.8,38.0,38.0,,,,,,,,18.0,11.0,9.0,,,,,,,,,1995-1996,Manchester City
Keith Branagan,ie IRL,GK,29.0,31.0,31.0,2790.0,31.0,60.0,1.94,182.0,122.0,67.0,6.0,4.0,21.0,4.0,12.9,,,,,,Matches,1995-1996,Bolton Wanderers
Gavin Ward,eng ENG,GK,25.0,5.0,5.0,450.0,5.0,7.0,1.4,26.0,19.0,73.1,1.0,1.0,3.0,0.0,0.0,,,,,,Matches,1995-1996,Bolton Wanderers
Aidan Davison,nir NIR,GK,27.0,2.0,2.0,180.0,2.0,4.0,2.0,8.0,4.0,50.0,1.0,0.0,1.0,0.0,0.0,,,,,,Matches,1995-1996,Bolton Wanderers
Squad Total,,,27.1,38.0,38.0,3420.0,,71.0,1.87,216.0,145.0,67.1,8.0,5.0,25.0,4.0,10.5,,,,,,,1995-1996,Bolton Wanderers
Opponent Total,,,26.8,38.0,38.0,,,,,,,,25.0,5.0,8.0,,,,,,,,,1995-1996,Bolton Wanderers
Juergen Sommer,us USA,GK,26.0,33.0,33.0,2970.0,33.0,49.0,1.48,186.0,137.0,73.7,8.0,6.0,19.0,4.0,12.1,,,,,,Matches,1995-1996,Queens Park Rangers
Tony Roberts,wls WAL,GK,25.0,5.0,5.0,450.0,5.0,8.0,1.6,22.0,14.0,63.6,1.0,0.0,4.0,1.0,20.0,,,,,,Matches,1995-1996,Queens Park Rangers
Squad Total,,,26.2,38.0,38.0,3420.0,,57.0,1.5,208.0,151.0,72.6,9.0,6.0,23.0,5.0,13.2,,,,,,,1995-1996,Queens Park Rangers
Opponent Total,,,26.9,38.0,38.0,,,,,,,,23.0,6.0,9.0,,,,,,,,,1995-1996,Queens Park Rangers
Craig Forrest,ca CAN,GK,26.0,37.0,37.0,3330.0,37.0,81.0,2.19,244.0,163.0,66.8,6.0,5.0,26.0,2.0,5.4,,,,,,Matches,1994-1995,Ipswich Town
Richard Wright,eng ENG,GK,16.0,3.0,3.0,270.0,3.0,6.0,2.0,23.0,17.0,73.9,1.0,0.0,2.0,1.0,33.3,,,,,,Matches,1994-1995,Ipswich Town
Clive Baker,,GK,35.0,2.0,2.0,180.0,2.0,6.0,3.0,18.0,12.0,66.7,0.0,1.0,1.0,0.0,0.0,,,,,,Matches,1994-1995,Ipswich Town
Phil Morgan,eng ENG,GK,19.0,,,,1.0,,,,,,,,,,,,,,,,Matches,1994-1995,Ipswich Town
Squad Total,,,28.1,42.0,42.0,3780.0,,93.0,2.21,285.0,192.0,67.4,7.0,6.0,29.0,3.0,7.1,,,,,,,1994-1995,Ipswich Town
Opponent Total,,,26.5,42.0,42.0,,,,,,,,29.0,6.0,7.0,,,,,,,,,1994-1995,Ipswich Town
Nigel Martyn,eng ENG,GK,27.0,37.0,36.0,3294.0,37.0,40.0,1.09,171.0,131.0,76.6,9.0,10.0,17.0,13.0,36.1,,,,,,Matches,1994-1995,Crystal Palace
Rhys Wilmot,wls WAL,GK,32.0,6.0,6.0,486.0,5.4,9.0,1.67,25.0,16.0,64.0,2.0,2.0,2.0,1.0,16.7,,,,,,Matches,1994-1995,Crystal Palace
Squad Total,,,25.5,42.0,42.0,3780.0,,49.0,1.17,196.0,147.0,75.0,11.0,12.0,19.0,14.0,33.3,,,,,,,1994-1995,Crystal Palace
Opponent Total,,,26.6,42.0,42.0,,,,,,,,19.0,12.0,11.0,,,,,,,,,1994-1995,Crystal Palace
Kevin Poole,eng ENG,GK,31.0,36.0,36.0,3240.0,36.0,67.0,1.86,204.0,137.0,67.2,5.0,10.0,21.0,4.0,11.1,,,,,,Matches,1994-1995,Leicester City
Gavin Ward,eng ENG,GK,24.0,6.0,6.0,540.0,6.0,13.0,2.17,41.0,28.0,68.3,1.0,1.0,4.0,0.0,0.0,,,,,,Matches,1994-1995,Leicester City
Squad Total,,,26.2,42.0,42.0,3780.0,,80.0,1.9,245.0,165.0,67.3,6.0,11.0,25.0,4.0,9.5,,,,,,,1994-1995,Leicester City
Opponent Total,,,26.7,42.0,42.0,,,,,,,,25.0,11.0,6.0,,,,,,,,,1994-1995,Leicester City
Bryan Gunn,sct SCO,GK,30.0,21.0,21.0,1890.0,21.0,18.0,0.86,86.0,68.0,79.1,8.0,7.0,5.0,7.0,33.3,,,,,,Matches,1994-1995,Norwich City
Andy Marshall,eng ENG,GK,19.0,20.0,20.0,1800.0,20.0,33.0,1.65,104.0,71.0,68.3,2.0,6.0,12.0,3.0,15.0,,,,,,Matches,1994-1995,Norwich City
Simon Tracey,eng ENG,GK,26.0,1.0,1.0,90.0,1.0,2.0,2.0,4.0,2.0,50.0,0.0,0.0,1.0,0.0,0.0,,,,,,Matches,1994-1995,Norwich City
Squad Total,,,25.8,42.0,42.0,3780.0,,53.0,1.26,194.0,141.0,72.7,10.0,13.0,19.0,10.0,23.8,,,,,,,1994-1995,Norwich City
Opponent Total,,,26.7,42.0,42.0,,,,,,,,19.0,13.0,10.0,,,,,,,,,1994-1995,Norwich City
Alan Kelly Jr.,ie IRL,GK,24.0,30.0,29.0,2683.0,29.8,42.0,1.41,123.0,81.0,65.9,5.0,12.0,5.0,9.0,31.0,,,,,,Matches,1993-1994,Sheffield United
Simon Tracey,eng ENG,GK,25.0,15.0,13.0,1257.0,14.0,18.0,1.29,69.0,51.0,73.9,3.0,6.0,4.0,4.0,30.8,,,,,,Matches,1993-1994,Sheffield United
Squad Total,,,26.3,42.0,42.0,3940.0,,60.0,1.37,192.0,132.0,68.8,8.0,18.0,16.0,13.0,31.0,,,,,,,1993-1994,Sheffield United
Opponent Total,,,26.8,42.0,42.0,,,,,,,,16.0,18.0,8.0,,,,,,,,,1993-1994,Sheffield United
Fraser Digby,eng ENG,GK,26.0,28.0,28.0,2471.0,27.5,68.0,2.48,172.0,104.0,60.5,2.0,10.0,15.0,4.0,14.3,,,,,,Matches,1993-1994,Swindon Town
Nick Hammond,,GK,25.0,13.0,11.0,1084.0,12.0,20.0,1.66,57.0,37.0,64.9,3.0,5.0,5.0,0.0,0.0,,,,,,Matches,1993-1994,Swindon Town
Jon Sheffield,eng ENG,GK,24.0,2.0,1.0,145.0,1.7,5.0,3.1,10.0,5.0,50.0,0.0,0.0,1.0,0.0,0.0,,,,,,Matches,1993-1994,Swindon Town
Paul Heald,eng ENG,GK,24.0,,,,1.6,,,,,,,,,,,,,,,,Matches,1993-1994,Swindon Town
Squad Total,,,27.4,42.0,42.0,3700.0,,93.0,2.26,239.0,146.0,61.1,5.0,15.0,22.0,4.0,9.5,,,,,,,1993-1994,Swindon Town
Opponent Total,,,26.6,42.0,42.0,,,,,,,,22.0,15.0,5.0,,,,,,,,,1993-1994,Swindon Town
Jon Hallworth,eng ENG,GK,27.0,19.0,19.0,1710.0,19.0,31.0,1.63,96.0,65.0,67.7,5.0,5.0,8.0,2.0,10.5,,,,,,Matches,1993-1994,Oldham Athletic
Paul Gerrard,eng ENG,GK,20.0,16.0,15.0,1440.0,16.0,25.0,1.56,83.0,58.0,69.9,1.0,7.0,8.0,3.0,20.0,,,,,,Matches,1993-1994,Oldham Athletic
Lance Key,eng ENG,GK,25.0,2.0,2.0,180.0,2.0,3.0,1.5,8.0,5.0,62.5,1.0,0.0,1.0,1.0,50.0,,,,,,Matches,1993-1994,Oldham Athletic
Squad Total,,,26.2,42.0,42.0,3330.0,,59.0,1.59,187.0,128.0,68.4,9.0,13.0,20.0,6.0,14.3,,,,,,,1993-1994,Oldham Athletic
Opponent Total,,,26.8,42.0,42.0,,,,,,,,20.0,13.0,9.0,,,,,,,,,1993-1994,Oldham Athletic
Nigel Martyn,eng ENG,GK,25.0,42.0,42.0,3780.0,42.0,61.0,1.45,201.0,140.0,69.7,11.0,16.0,15.0,11.0,26.2,,,,,,Matches,1992-1993,Crystal Palace
Squad Total,,,25.1,42.0,42.0,3780.0,,61.0,1.45,201.0,140.0,69.7,11.0,16.0,15.0,11.0,26.2,,,,,,,1992-1993,Crystal Palace
Opponent Total,,,26.4,42.0,42.0,,,,,,,,15.0,16.0,11.0,,,,,,,,,1992-1993,Crystal Palace
Mark Crossley,wls WAL,GK,23.0,37.0,37.0,3330.0,37.0,55.0,1.49,186.0,131.0,70.4,9.0,9.0,19.0,9.0,24.3,,,,,,Matches,1992-1993,Nottingham Forest
Andy Marriott,wls WAL,GK,21.0,5.0,5.0,450.0,5.0,7.0,1.4,22.0,15.0,68.2,1.0,1.0,3.0,0.0,0.0,,,,,,Matches,1992-1993,Nottingham Forest
Squad Total,,,25.1,42.0,42.0,3780.0,,62.0,1.48,208.0,146.0,70.2,10.0,10.0,22.0,9.0,21.4,,,,,,,1992-1993,Nottingham Forest
Opponent Total,,,26.3,42.0,42.0,,,,,,,,22.0,10.0,10.0,,,,,,,,,1992-1993,Nottingham Forest
Stephen Pears,eng ENG,GK,30.0,26.0,26.0,2141.0,23.8,48.0,2.02,122.0,74.0,60.7,6.0,6.0,14.0,4.0,15.4,,,,,,Matches,1992-1993,Middlesbrough
Ian Ironside,eng ENG,GK,28.0,12.0,11.0,1044.0,11.6,19.0,1.64,71.0,52.0,73.2,3.0,3.0,5.0,2.0,18.2,,,,,,Matches,1992-1993,Middlesbrough
Brian Horne,eng ENG,GK,24.0,4.0,3.0,294.0,3.3,3.0,0.92,14.0,11.0,78.6,2.0,1.0,0.0,2.0,66.7,,,,,,Matches,1992-1993,Middlesbrough
Andy Collett,eng ENG,GK,18.0,2.0,2.0,180.0,2.0,5.0,2.5,12.0,7.0,58.3,0.0,1.0,1.0,0.0,0.0,,,,,,Matches,1992-1993,Middlesbrough
Squad Total,,,26.5,42.0,42.0,3659.0,,75.0,1.84,219.0,144.0,65.8,11.0,11.0,20.0,8.0,19.0,,,,,,,1992-1993,Middlesbrough
Opponent Total,,,26.4,42.0,42.0,,,,,,,,20.0,11.0,11.0,,,,,,,,,1992-1993,Middlesbrough
